,ticker
0,AACG
1,AADI
2,AADR
3,AAL
4,AAME
5,AAOI
6,AAON
7,AAPL
8,AATC
9,AAWW
10,AAXJ
11,ABCB
12,ABCL
13,ABCM
14,ABEO
15,ABIO
16,ABMD
17,ABNB
18,ABST
19,ABTX
20,ABUS
21,ACAD
22,ACB
23,ACBI
24,ACCD
25,ACER
26,ACET
27,ACEV
28,ACGL
29,ACGLO
30,ACHC
31,ACHV
32,ACIU
33,ACIW
34,ACLS
35,ACMR
36,ACNB
37,ACOR
38,ACRS
39,ACRX
40,ACST
41,ACTG
42,ACWI
43,ACWX
44,ADAG
45,ADAP
46,ADBE
47,ADES
48,ADI
49,ADIL
50,ADMA
51,ADMP
52,ADN
53,ADP
54,ADPT
55,ADRE
56,ADSK
57,ADTN
58,ADTX
59,ADUS
60,ADV
61,ADVM
62,AEHL
63,AEHR
64,AEI
65,AEIS
66,AEMD
67,AEP
68,AEPPL
69,AEPPZ
70,AERI
71,AESE
72,AEY
73,AEYE
74,AEZS
75,AFBI
76,AFCG
77,AFIB
78,AFIN
79,AFINO
80,AFINP
81,AFMD
82,AFRM
83,AFYA
84,AGEN
85,AGFS
86,AGFY
87,AGIL
88,AGIO
89,AGLE
90,AGMH
91,AGNC
92,AGNCM
93,AGNCN
94,AGNCO
95,AGNCP
96,AGNG
97,AGRX
98,AGTC
99,AGYS
100,AGZD
101,AHCO
102,AHG
103,AHPI
104,AIA
105,AIH
106,AIHS
107,AIKI
108,AIMC
109,AINV
110,AIQ
111,AIRG
112,AIRR
113,AIRT
114,AKAM
115,AKBA
116,AKRO
117,AKTS
118,AKTX
119,AKU
120,AKUS
121,ALAC
122,ALBO
123,ALCO
124,ALDX
125,ALEC
126,ALGM
127,ALGN
128,ALGS
129,ALGT
130,ALIM
131,ALJJ
132,ALKS
133,ALLK
134,ALLO
135,ALLT
136,ALNA
137,ALNY
138,ALOT
139,ALPN
140,ALPP
141,ALRM
142,ALRN
143,ALRS
144,ALT
145,ALTM
146,ALTO
147,ALTR
148,ALTU
149,ALTUW
150,ALTY
151,ALVR
152,ALXO
153,ALYA
154,AMAL
155,AMAT
156,AMBA
157,AMCX
158,AMD
159,AMED
160,AMEH
161,AMGN
162,AMKR
163,AMNB
164,AMOT
165,AMPG
166,AMPH
167,AMRK
168,AMRN
169,AMRS
170,AMSC
171,AMSF
172,AMST
173,AMSWA
174,AMTB
175,AMTI
176,AMTX
177,AMWD
178,AMYT
179,AMZN
180,ANAB
181,ANAT
182,ANDE
183,ANGI
184,ANGL
185,ANGN
186,ANGO
187,ANIK
188,ANIP
189,ANIX
190,ANNX
191,ANPC
192,ANSS
193,ANTE
194,ANY
195,AOSL
196,AOUT
197,APA
198,APDN
199,APEI
200,APEN
201,API
202,APLS
203,APLT
204,APM
205,APOG
206,APPF
207,APPH
208,APPN
209,APPS
210,APR
211,APRE
212,APTO
213,APTX
214,APVO
215,APWC
216,APYX
217,AQB
218,AQMS
219,AQST
220,ARAV
221,ARAY
222,ARBE
223,ARCB
224,ARCC
225,ARCE
226,ARCT
227,ARDS
228,ARDX
229,AREC
230,ARGX
231,ARKO
232,ARKR
233,ARLP
234,ARNA
235,AROW
236,ARQT
237,ARRY
238,ARTL
239,ARTNA
240,ARTW
241,ARVL
242,ARVN
243,ARWR
244,ASLE
245,ASLN
246,ASMB
247,ASML
248,ASND
249,ASO
250,ASPS
251,ASPU
252,ASRT
253,ASRV
254,ASTC
255,ASTE
256,ASTL
257,ASTR
258,ASTS
259,ASUR
260,ASYS
261,ATAX
262,ATCX
263,ATEC
264,ATER
265,ATEX
266,ATHA
267,ATHE
268,ATHX
269,ATIF
270,ATLC
271,ATLO
272,ATNF
273,ATNI
274,ATNX
275,ATOM
276,ATOS
277,ATRA
278,ATRC
279,ATRI
280,ATRO
281,ATRS
282,ATSG
283,ATVI
284,ATXI
285,ATXS
286,ATY
287,AUB
288,AUBAP
289,AUBN
290,AUDC
291,AUPH
292,AUTL
293,AUTO
294,AUUD
295,AUVI
296,AVAV
297,AVCO
298,AVCT
299,AVDL
300,AVEO
301,AVGO
302,AVGOP
303,AVGR
304,AVID
305,AVIR
306,AVNW
307,AVO
308,AVPT
309,AVRO
310,AVT
311,AVTX
312,AVXL
313,AWH
314,AWRE
315,AXDX
316,AXGN
317,AXLA
318,AXNX
319,AXON
320,AXSM
321,AXTI
322,AY
323,AYLA
324,AYRO
325,AYTU
326,AZ
327,AZN
328,AZPN
329,AZTA
330,AZYO
331,BAND
332,BANF
333,BANR
334,BANX
335,BAOS
336,BATRA
337,BATRK
338,BBBY
339,BBCP
340,BBGI
341,BBH
342,BBI
343,BBIG
344,BBIO
345,BBQ
346,BBSI
347,BCAB
348,BCAC
349,BCACW
350,BCBP
351,BCDA
352,BCEL
353,BCLI
354,BCML
355,BCOR
356,BCOV
357,BCPC
358,BCRX
359,BCTX
360,BCYC
361,BDSI
362,BDSX
363,BDTX
364,BEAM
365,BECN
366,BEEM
367,BELFB
368,BENER
369,BENEW
370,BFC
371,BFI
372,BFIN
373,BFIT
374,BFRA
375,BFST
376,BGCP
377,BGFV
378,BGNE
379,BGRN
380,BGRY
381,BGRYW
382,BHAT
383,BHF
384,BHFAL
385,BHFAN
386,BHFAO
387,BHFAP
388,BIB
389,BICK
390,BIDU
391,BIGC
392,BIIB
393,BILI
394,BIMI
395,BIOC
396,BIOL
397,BIOX
398,BIS
399,BITF
400,BIVI
401,BJK
402,BJRI
403,BKCC
404,BKEP
405,BKEPP
406,BKNG
407,BKR
408,BKSC
409,BKYI
410,BL
411,BLBD
412,BLCM
413,BLCN
414,BLCT
415,BLDE
416,BLDP
417,BLFS
418,BLI
419,BLIN
420,BLKB
421,BLMN
422,BLNK
423,BLPH
424,BLRX
425,BLU
426,BLUE
427,BMBL
428,BMRA
429,BMRC
430,BMRN
431,BND
432,BNDW
433,BNDX
434,BNFT
435,BNGO
436,BNR
437,BNSO
438,BNTC
439,BNTX
440,BOKF
441,BOLT
442,BOMN
443,BOOM
444,BOSC
445,BOTZ
446,BOXL
447,BPMC
448,BPOP
449,BPRN
450,BPTH
451,BPYPN
452,BPYPO
453,BPYPP
454,BRAG
455,BRCN
456,BREZ
457,BRKL
458,BRKR
459,BRP
460,BRQS
461,BRTX
462,BRY
463,BSBE
464,BSBK
465,BSCE
466,BSCM
467,BSCN
468,BSCO
469,BSCP
470,BSCQ
471,BSCR
472,BSCS
473,BSCT
474,BSCU
475,BSET
476,BSGM
477,BSJM
478,BSJN
479,BSJO
480,BSJP
481,BSJQ
482,BSJR
483,BSMM
484,BSMN
485,BSMP
486,BSQR
487,BSRR
488,BSVN
489,BSY
490,BTAI
491,BTAQ
492,BTB
493,BTBT
494,BTCS
495,BTCY
496,BTEC
497,BTNB
498,BTRS
499,BTWN
500,BTWNU
501,BTWNW
502,BTX
503,BUG
504,BUSE
505,BVS
506,BVXV
507,BWAC
508,BWAY
509,BWB
510,BWEN
511,BWFG
512,BWMX
513,BXRX
514,BYFC
515,BYND
516,BYRN
517,BYSI
518,BZFD
519,BZUN
520,CAAS
521,CABA
522,CAC
523,CACC
524,CACG
525,CAKE
526,CALA
527,CALB
528,CALM
529,CALT
530,CAMP
531,CAMT
532,CAN
533,CAPR
534,CAR
535,CARA
536,CARE
537,CARG
538,CARV
539,CARZ
540,CASA
541,CASH
542,CASI
543,CASS
544,CASY
545,CATC
546,CATH
547,CATY
548,CBAN
549,CBAT
550,CBAY
551,CBFV
552,CBIO
553,CBNK
554,CBRL
555,CBSH
556,CBTX
557,CCAP
558,CCB
559,CCBG
560,CCCC
561,CCD
562,CCEP
563,CCLP
564,CCMP
565,CCNC
566,CCNE
567,CCOI
568,CCRN
569,CCXI
570,CD
571,CDAK
572,CDC
573,CDEV
574,CDK
575,CDL
576,CDLX
577,CDMO
578,CDNA
579,CDNS
580,CDRO
581,CDTX
582,CDW
583,CDXC
584,CDXS
585,CDZI
586,CECE
587,CELC
588,CELH
589,CELU
590,CELZ
591,CEMI
592,CENT
593,CENTA
594,CENX
595,CERE
596,CERN
597,CERS
598,CERT
599,CETX
600,CEVA
601,CFA
602,CFB
603,CFBK
604,CFFI
605,CFFN
606,CFIV
607,CFIVU
608,CFIVW
609,CFMS
610,CFO
611,CFRX
612,CG
613,CGBD
614,CGC
615,CGEM
616,CGEN
617,CGNT
618,CGNX
619,CGO
620,CGRN
621,CHCI
622,CHCO
623,CHDN
624,CHEF
625,CHEK
626,CHI
627,CHK
628,CHKEL
629,CHKP
630,CHMG
631,CHNG
632,CHNR
633,CHPM
634,CHRS
635,CHRW
636,CHSCL
637,CHSCM
638,CHSCN
639,CHSCO
640,CHSCP
641,CHTR
642,CHUY
643,CHW
644,CHX
645,CHY
646,CIBR
647,CIDM
648,CIFR
649,CIGI
650,CIH
651,CINF
652,CIVB
653,CIZN
654,CJJD
655,CKPT
656,CLAR
657,CLBK
658,CLBS
659,CLBT
660,CLDX
661,CLEU
662,CLFD
663,CLGN
664,CLIR
665,CLLS
666,CLMT
667,CLNE
668,CLNN
669,CLOU
670,CLOV
671,CLPS
672,CLPT
673,CLRB
674,CLRO
675,CLSD
676,CLSK
677,CLSN
678,CLVR
679,CLVRW
680,CLVS
681,CLWT
682,CLXT
683,CMAX
684,CMBM
685,CMCO
686,CMCSA
687,CMCT
688,CME
689,CMLS
690,CMMB
691,CMPI
692,CMPR
693,CMPS
694,CMRX
695,CMTL
696,CNCE
697,CNCR
698,CNDT
699,CNET
700,CNEY
701,CNFR
702,CNOB
703,CNSL
704,CNSP
705,CNTB
706,CNTG
707,CNTY
708,CNXC
709,CNXN
710,COCP
711,CODA
712,CODX
713,COFS
714,COGT
715,COHR
716,COHU
717,COKE
718,COLB
719,COLL
720,COLM
721,COMM
722,COMS
723,COMT
724,CONE
725,CONN
726,CONX
727,COOL
728,COOP
729,CORT
730,COST
731,COUP
732,COWN
733,COWNL
734,CPIX
735,CPLP
736,CPRT
737,CPRX
738,CPSH
739,CPSI
740,CPSS
741,CPTAL
742,CPZ
743,CRAI
744,CRBP
745,CRDF
746,CRDL
747,CREG
748,CRESY
749,CREX
750,CRIS
751,CRKN
752,CRMD
753,CRMT
754,CRNC
755,CRNT
756,CRNX
757,CRON
758,CROX
759,CRSP
760,CRSR
761,CRTD
762,CRTO
763,CRTX
764,CRUS
765,CRVL
766,CRVS
767,CRWD
768,CRWS
769,CRXT
770,CSB
771,CSBR
772,CSCO
773,CSCW
774,CSF
775,CSGP
776,CSGS
777,CSII
778,CSIQ
779,CSPI
780,CSQ
781,CSSE
782,CSSEP
783,CSTE
784,CSTL
785,CSTR
786,CSWC
787,CSWI
788,CSX
789,CTAS
790,CTBI
791,CTEC
792,CTG
793,CTHR
794,CTIB
795,CTIC
796,CTLP
797,CTMX
798,CTRE
799,CTRM
800,CTRN
801,CTSH
802,CTSO
803,CTXR
804,CTXS
805,CUBA
806,CUE
807,CUEN
808,CURI
809,CUTR
810,CVAC
811,CVBF
812,CVCO
813,CVCY
814,CVET
815,CVGI
816,CVGW
817,CVLG
818,CVLT
819,CVLY
820,CVT
821,CVV
822,CWBR
823,CWCO
824,CWST
825,CXDO
826,CXSE
827,CYAD
828,CYAN
829,CYBE
830,CYBR
831,CYCC
832,CYCN
833,CYRN
834,CYRX
835,CYTH
836,CYTK
837,CYTO
838,CYXT
839,CZNC
840,CZR
841,CZWI
842,DADA
843,DAIO
844,DAKT
845,DARE
846,DAX
847,DBTX
848,DBVT
849,DBX
850,DCBO
851,DCGO
852,DCGOW
853,DCOM
854,DCOMP
855,DCPH
856,DCRNU
857,DCT
858,DCTH
859,DDIV
860,DDOG
861,DENN
862,DFFN
863,DFH
864,DGHI
865,DGICA
866,DGII
867,DGLY
868,DGRE
869,DGRS
870,DGRW
871,DHC
872,DHCNI
873,DHIL
874,DIOD
875,DISCA
876,DISCK
877,DISH
878,DJCO
879,DKNG
880,DLHC
881,DLPN
882,DLTH
883,DLTR
884,DMAC
885,DMLP
886,DMRC
887,DMTK
888,DMXF
889,DNLI
890,DOCU
891,DOGZ
892,DOMO
893,DOOO
894,DORM
895,DOX
896,DOYU
897,DPRO
898,DRIO
899,DRIV
900,DRRX
901,DRTT
902,DRVN
903,DSAC
904,DSGX
905,DSKE
906,DSP
907,DSWL
908,DTEA
909,DTIL
910,DTSS
911,DTST
912,DUNE
913,DUO
914,DUOT
915,DVAX
916,DVLU
917,DVOL
918,DVY
919,DWAS
920,DWAW
921,DWSH
922,DWSN
923,DXCM
924,DXLG
925,DXPE
926,DXYN
927,DYAI
928,DYN
929,DYNT
930,DZSI
931,EA
932,EAR
933,EAST
934,EBAY
935,EBC
936,EBIX
937,EBIZ
938,EBMT
939,EBON
940,EBTC
941,ECOL
942,ECOR
943,ECPG
944,EDAP
945,EDIT
946,EDOC
947,EDRY
948,EDSA
949,EDTK
950,EDUC
951,EDUT
952,EEFT
953,EEMA
954,EFAS
955,EFOI
956,EFSC
957,EGAN
958,EGBN
959,EGLE
960,EGLX
961,EGRX
962,EH
963,EHTH
964,EIGR
965,EKSO
966,ELDN
967,ELMS
968,ELOX
969,ELSE
970,ELTK
971,ELYS
972,EMB
973,EMCB
974,EMKR
975,EML
976,EMXC
977,ENDP
978,ENG
979,ENJY
980,ENJYW
981,ENLV
982,ENOB
983,ENPH
984,ENSG
985,ENTA
986,ENTG
987,ENTX
988,ENVB
989,ENVI
990,ENVIU
991,ENVX
992,ENVXW
993,ENZL
994,EOLS
995,EOSE
996,EOSEW
997,EPAY
998,EPHY
999,EPHYU
1000,EPIX
1001,EPSN
1002,EPZM
1003,EQ
1004,EQBK
1005,EQIX
1006,EQOS
1007,ERES
1008,ERIC
1009,ERIE
1010,ERII
1011,ERYP
1012,ESCA
1013,ESEA
1014,ESGD
1015,ESGE
1016,ESGR
1017,ESGRO
1018,ESGRP
1019,ESGU
1020,ESLT
1021,ESPO
1022,ESPR
1023,ESQ
1024,ESSA
1025,ESSC
1026,ESTA
1027,ETAC
1028,ETNB
1029,ETON
1030,ETSY
1031,ETTX
1032,EUFN
1033,EVAX
1034,EVBG
1035,EVER
1036,EVFM
1037,EVGN
1038,EVGO
1039,EVGOW
1040,EVK
1041,EVLO
1042,EVLV
1043,EVOK
1044,EVOL
1045,EVOP
1046,EWBC
1047,EWEB
1048,EWJV
1049,EWZS
1050,EXAS
1051,EXC
1052,EXEL
1053,EXLS
1054,EXPD
1055,EXPE
1056,EXPI
1057,EXPO
1058,EXTR
1059,EYE
1060,EYEN
1061,EYES
1062,EYPT
1063,EZGO
1064,EZPW
1065,FAAR
1066,FAB
1067,FAD
1068,FALN
1069,FAMI
1070,FANG
1071,FANH
1072,FARM
1073,FARO
1074,FAST
1075,FAT
1076,FATBP
1077,FATE
1078,FB
1079,FBIO
1080,FBIOP
1081,FBIZ
1082,FBMS
1083,FBNC
1084,FBRX
1085,FCAL
1086,FCBC
1087,FCCO
1088,FCCY
1089,FCEF
1090,FCEL
1091,FCFS
1092,FCNCA
1093,FCNCP
1094,FCRD
1095,FCVT
1096,FDBC
1097,FDIV
1098,FDMT
1099,FDNI
1100,FDT
1101,FDUS
1102,FEIM
1103,FELE
1104,FEM
1105,FEMB
1106,FEMS
1107,FENC
1108,FEP
1109,FEX
1110,FFBC
1111,FFHL
1112,FFIC
1113,FFIE
1114,FFIN
1115,FFIV
1116,FFNW
1117,FFWM
1118,FGBI
1119,FGEN
1120,FGF
1121,FHB
1122,FHTX
1123,FIBK
1124,FID
1125,FINX
1126,FISI
1127,FISV
1128,FITB
1129,FITBI
1130,FITBO
1131,FITBP
1132,FIVE
1133,FIVN
1134,FIXD
1135,FIXX
1136,FIZZ
1137,FKWL
1138,FLDM
1139,FLEX
1140,FLGT
1141,FLIC
1142,FLL
1143,FLMN
1144,FLNT
1145,FLUX
1146,FLWS
1147,FLXS
1148,FMAO
1149,FMB
1150,FMBH
1151,FMBI
1152,FMBIO
1153,FMBIP
1154,FMHI
1155,FMNB
1156,FMTX
1157,FNCB
1158,FNCH
1159,FNGR
1160,FNHC
1161,FNK
1162,FNKO
1163,FNLC
1164,FNWB
1165,FNX
1166,FNY
1167,FOCS
1168,FOLD
1169,FONR
1170,FORA
1171,FORD
1172,FORM
1173,FORR
1174,FORTY
1175,FOSL
1176,FOX
1177,FOXA
1178,FOXF
1179,FPAY
1180,FPXI
1181,FRAF
1182,FRBA
1183,FRBK
1184,FREE
1185,FREQ
1186,FRG
1187,FRGAP
1188,FRGI
1189,FRHC
1190,FRLN
1191,FRME
1192,FROG
1193,FRPH
1194,FRPT
1195,FRST
1196,FRSX
1197,FRTA
1198,FSBW
1199,FSFG
1200,FSLR
1201,FSTR
1202,FSTX
1203,FSV
1204,FTA
1205,FTC
1206,FTCS
1207,FTCV
1208,FTCVW
1209,FTDR
1210,FTEK
1211,FTFT
1212,FTGC
1213,FTHI
1214,FTHM
1215,FTNT
1216,FTRI
1217,FTRP
1218,FTSL
1219,FTSM
1220,FTXD
1221,FTXL
1222,FTXN
1223,FTXO
1224,FTXR
1225,FULC
1226,FULT
1227,FULTP
1228,FUNC
1229,FUND
1230,FUSN
1231,FUTU
1232,FUV
1233,FV
1234,FVC
1235,FVCB
1236,FVE
1237,FWBI
1238,FWONA
1239,FWONK
1240,FWP
1241,FWRD
1242,FYC
1243,FYT
1244,FYX
1245,GABC
1246,GAIA
1247,GAIN
1248,GALT
1249,GAME
1250,GAN
1251,GANX
1252,GASS
1253,GBDC
1254,GBIO
1255,GBOX
1256,GBS
1257,GBT
1258,GCBC
1259,GCMG
1260,GDEN
1261,GDEV
1262,GDRX
1263,GDS
1264,GDYN
1265,GECC
1266,GEG
1267,GENC
1268,GENE
1269,GENY
1270,GEOS
1271,GERN
1272,GEVO
1273,GGAL
1274,GH
1275,GHSI
1276,GIFI
1277,GIGE
1278,GIGM
1279,GIII
1280,GILD
1281,GILT
1282,GLAD
1283,GLBS
1284,GLDD
1285,GLDI
1286,GLG
1287,GLMD
1288,GLNG
1289,GLPG
1290,GLPI
1291,GLRE
1292,GLSI
1293,GLTO
1294,GLYC
1295,GMAB
1296,GMBL
1297,GMBTU
1298,GMDA
1299,GMII
1300,GMIIU
1301,GMTX
1302,GNCA
1303,GNFT
1304,GNLN
1305,GNMA
1306,GNOG
1307,GNOM
1308,GNPX
1309,GNSS
1310,GNTX
1311,GNTY
1312,GNUS
1313,GO
1314,GOCO
1315,GOEV
1316,GOGL
1317,GOGO
1318,GOOD
1319,GOODN
1320,GOOG
1321,GOOGL
1322,GOSS
1323,GOVX
1324,GP
1325,GPP
1326,GPRE
1327,GPRO
1328,GRAB
1329,GRABW
1330,GRAY
1331,GRCL
1332,GREE
1333,GRFS
1334,GRID
1335,GRIL
1336,GRIN
1337,GRNQ
1338,GROW
1339,GRPN
1340,GRTS
1341,GRTX
1342,GRUB
1343,GRVY
1344,GRWG
1345,GSBC
1346,GSHD
1347,GSIT
1348,GSKY
1349,GSM
1350,GSMG
1351,GT
1352,GTBP
1353,GTEC
1354,GTH
1355,GTHX
1356,GTIM
1357,GTX
1358,GTYH
1359,GURE
1360,GVP
1361,GWGH
1362,GWRS
1363,GXTG
1364,HA
1365,HAAC
1366,HAACU
1367,HAACW
1368,HAFC
1369,HAIN
1370,HALL
1371,HALO
1372,HAPP
1373,HARP
1374,HAS
1375,HAYN
1376,HBAN
1377,HBANP
1378,HBCP
1379,HBIO
1380,HBMD
1381,HBNC
1382,HBP
1383,HBT
1384,HCAR
1385,HCAT
1386,HCCI
1387,HCDI
1388,HCIC
1389,HCICU
1390,HCICW
1391,HCKT
1392,HCM
1393,HCSG
1394,HDSN
1395,HEAR
1396,HEES
1397,HELE
1398,HEPA
1399,HERO
1400,HEWG
1401,HEXO
1402,HFFG
1403,HFWA
1404,HGBL
1405,HGEN
1406,HGSH
1407,HHR
1408,HHS
1409,HIBB
1410,HIFS
1411,HIHO
1412,HIMX
1413,HITI
1414,HIVE
1415,HLAL
1416,HLBZ
1417,HLG
1418,HLIT
1419,HLMN
1420,HLNE
1421,HMCO
1422,HMCOW
1423,HMHC
1424,HMPT
1425,HMST
1426,HMTV
1427,HNDL
1428,HNNA
1429,HNRG
1430,HOFT
1431,HOFV
1432,HOLI
1433,HOLX
1434,HON
1435,HONE
1436,HOOK
1437,HOPE
1438,HOTH
1439,HPK
1440,HQI
1441,HQY
1442,HRMY
1443,HROW
1444,HRTX
1445,HRZN
1446,HSAQ
1447,HSDT
1448,HSIC
1449,HSII
1450,HSKA
1451,HSON
1452,HST
1453,HSTM
1454,HSTO
1455,HTBI
1456,HTBK
1457,HTBX
1458,HTGM
1459,HTHT
1460,HTIA
1461,HTLD
1462,HTLF
1463,HTLFP
1464,HTOO
1465,HTOOW
1466,HUBG
1467,HUDI
1468,HUGE
1469,HUIZ
1470,HUMA
1471,HURC
1472,HURN
1473,HUSN
1474,HUT
1475,HWBK
1476,HWC
1477,HWCPZ
1478,HWKN
1479,HYFM
1480,HYLS
1481,HYMC
1482,HYPR
1483,HYRE
1484,HYXF
1485,HYZD
1486,HYZN
1487,HZNP
1488,IAC
1489,IART
1490,IBB
1491,IBCP
1492,IBEX
1493,IBKR
1494,IBOC
1495,IBRX
1496,IBTB
1497,IBTD
1498,IBTX
1499,ICAD
1500,ICCC
1501,ICFI
1502,ICHR
1503,ICLK
1504,ICLN
1505,ICLR
1506,ICMB
1507,ICPT
1508,ICUI
1509,IDCC
1510,IDEX
1511,IDN
1512,IDRA
1513,IDXX
1514,IDYA
1515,IEA
1516,IEF
1517,IEI
1518,IEP
1519,IESC
1520,IEUS
1521,IFGL
1522,IFRX
1523,IFV
1524,IGAC
1525,IGACU
1526,IGF
1527,IGIB
1528,IGIC
1529,IGMS
1530,IGOV
1531,IGSB
1532,IHRT
1533,III
1534,IIIV
1535,IIN
1536,IIVI
1537,IJT
1538,IKT
1539,ILMN
1540,ILPT
1541,IMAB
1542,IMAC
1543,IMBI
1544,IMCC
1545,IMCR
1546,IMCV
1547,IMGN
1548,IMKTA
1549,IMMP
1550,IMMR
1551,IMNM
1552,IMOS
1553,IMRA
1554,IMTE
1555,IMTX
1556,IMUX
1557,IMV
1558,IMVT
1559,IMXI
1560,INBK
1561,INBX
1562,INCR
1563,INCY
1564,INDB
1565,INDI
1566,INDP
1567,INDT
1568,INDY
1569,INFI
1570,INFN
1571,INGN
1572,INM
1573,INMB
1574,INMD
1575,INNV
1576,INO
1577,INOD
1578,INPX
1579,INSE
1580,INSG
1581,INSM
1582,INTC
1583,INTU
1584,INTZ
1585,INVA
1586,INVE
1587,INVO
1588,INVZ
1589,INZY
1590,IONM
1591,IONS
1592,IOSP
1593,IOVA
1594,IPA
1595,IPAR
1596,IPDN
1597,IPGP
1598,IPHA
1599,IPKW
1600,IPWR
1601,IQ
1602,IRBT
1603,IRCP
1604,IRDM
1605,IRIX
1606,IRMD
1607,IRTC
1608,IRWD
1609,ISBC
1610,ISDX
1611,ISEE
1612,ISEM
1613,ISIG
1614,ISRG
1615,ISSC
1616,ISTB
1617,ISTR
1618,ISUN
1619,ITCI
1620,ITI
1621,ITIC
1622,ITOS
1623,ITRI
1624,ITRM
1625,ITRN
1626,IUS
1627,IUSB
1628,IUSG
1629,IUSS
1630,IUSV
1631,IVA
1632,IVAC
1633,IXUS
1634,IZEA
1635,JACK
1636,JAGX
1637,JAKK
1638,JAMF
1639,JAN
1640,JAZZ
1641,JBHT
1642,JBLU
1643,JBSS
1644,JCS
1645,JD
1646,JFIN
1647,JFU
1648,JG
1649,JJSF
1650,JKHY
1651,JNCE
1652,JOAN
1653,JOBS
1654,JOET
1655,JOFFU
1656,JOUT
1657,JRJC
1658,JRSH
1659,JRVR
1660,JSM
1661,JSMD
1662,JSML
1663,JSPR
1664,JUPW
1665,JVA
1666,JWEL
1667,JYNT
1668,KALA
1669,KALU
1670,KALV
1671,KAVL
1672,KBAL
1673,KBNT
1674,KBWB
1675,KBWD
1676,KBWP
1677,KBWR
1678,KBWY
1679,KC
1680,KDNY
1681,KDP
1682,KE
1683,KELYA
1684,KERN
1685,KFRC
1686,KHC
1687,KIDS
1688,KINS
1689,KINZ
1690,KIRK
1691,KLAC
1692,KLDO
1693,KLIC
1694,KLXE
1695,KMDA
1696,KMPH
1697,KNDI
1698,KNSA
1699,KNTE
1700,KOD
1701,KOPN
1702,KOR
1703,KOSS
1704,KPLT
1705,KPRX
1706,KPTI
1707,KRBP
1708,KRKR
1709,KRMA
1710,KRMD
1711,KRNT
1712,KRNY
1713,KRON
1714,KROS
1715,KRTX
1716,KRUS
1717,KRYS
1718,KSPN
1719,KTCC
1720,KTOS
1721,KTRA
1722,KURA
1723,KVHI
1724,KVSA
1725,KXIN
1726,KYMR
1727,KZIA
1728,KZR
1729,LABP
1730,LAKE
1731,LAMR
1732,LANC
1733,LAND
1734,LANDO
1735,LARK
1736,LASR
1737,LAUR
1738,LAWS
1739,LAZR
1740,LAZY
1741,LBAI
1742,LBC
1743,LBPH
1744,LBRDA
1745,LBRDK
1746,LBRDP
1747,LBTYA
1748,LBTYK
1749,LCAP
1750,LCID
1751,LCNB
1752,LCUT
1753,LDEM
1754,LDSF
1755,LE
1756,LECO
1757,LEDS
1758,LEE
1759,LEGH
1760,LEGN
1761,LEGR
1762,LESL
1763,LEVL
1764,LEXX
1765,LFMD
1766,LFTR
1767,LFTRW
1768,LFUS
1769,LFVN
1770,LGACU
1771,LGHL
1772,LGIH
1773,LGND
1774,LGO
1775,LGVN
1776,LHCG
1777,LHDX
1778,LI
1779,LIDR
1780,LIDRW
1781,LIFE
1782,LILA
1783,LILAK
1784,LILM
1785,LILMW
1786,LINC
1787,LIND
1788,LINK
1789,LIQT
1790,LITE
1791,LIVE
1792,LIVN
1793,LIXT
1794,LIZI
1795,LJPC
1796,LKCO
1797,LKFN
1798,LKQ
1799,LLL
1800,LLNW
1801,LMACA
1802,LMACU
1803,LMACW
1804,LMAT
1805,LMB
1806,LMBS
1807,LMFA
1808,LMNL
1809,LMNR
1810,LMPX
1811,LMST
1812,LNDC
1813,LNSR
1814,LNT
1815,LNTH
1816,LOAN
1817,LOB
1818,LOCO
1819,LOGC
1820,LOGI
1821,LOOP
1822,LOPE
1823,LOTZ
1824,LOVE
1825,LPCN
1826,LPLA
1827,LPRO
1828,LPSN
1829,LPTH
1830,LPTX
1831,LQDA
1832,LQDT
1833,LRCX
1834,LRFC
1835,LRGE
1836,LRMR
1837,LSCC
1838,LSEA
1839,LSTR
1840,LSXMA
1841,LSXMK
1842,LTBR
1843,LTCH
1844,LTCHW
1845,LTRN
1846,LTRPA
1847,LTRX
1848,LTRY
1849,LULU
1850,LUMO
1851,LUNA
1852,LUNG
1853,LUXA
1854,LUXAW
1855,LVHD
1856,LVO
1857,LVOX
1858,LWAY
1859,LWLG
1860,LX
1861,LXRX
1862,LYFT
1863,LYL
1864,LYRA
1865,LYTS
1866,MACK
1867,MANH
1868,MANT
1869,MAPS
1870,MAR
1871,MARA
1872,MARK
1873,MARPS
1874,MASI
1875,MASS
1876,MAT
1877,MATW
1878,MAXN
1879,MBB
1880,MBCN
1881,MBII
1882,MBIN
1883,MBINO
1884,MBIO
1885,MBOT
1886,MBRX
1887,MBUU
1888,MBWM
1889,MCBC
1890,MCBS
1891,MCEF
1892,MCFE
1893,MCFT
1894,MCHI
1895,MCHP
1896,MCHX
1897,MCLD
1898,MCMJ
1899,MCRB
1900,MCRI
1901,MDB
1902,MDGL
1903,MDGS
1904,MDIA
1905,MDIV
1906,MDJH
1907,MDLZ
1908,MDNA
1909,MDRR
1910,MDRX
1911,MDVL
1912,MDWD
1913,MDWT
1914,MDXG
1915,ME
1916,MEDP
1917,MEDS
1918,MEIP
1919,MELI
1920,MEOH
1921,MERC
1922,MESA
1923,MESO
1924,METC
1925,METX
1926,MFH
1927,MFIN
1928,MGEE
1929,MGI
1930,MGIC
1931,MGNI
1932,MGNX
1933,MGPI
1934,MGRC
1935,MGTA
1936,MGTX
1937,MHLD
1938,MICT
1939,MIDD
1940,MIGI
1941,MILE
1942,MILN
1943,MIME
1944,MIND
1945,MINDP
1946,MINM
1947,MIRM
1948,MIST
1949,MITC
1950,MITK
1951,MITO
1952,MKD
1953,MKSI
1954,MKTW
1955,MKTX
1956,MLAB
1957,MLAC
1958,MLCO
1959,MLKN
1960,MMAT
1961,MMLP
1962,MMSI
1963,MMYT
1964,MNDO
1965,MNDT
1966,MNKD
1967,MNMD
1968,MNOV
1969,MNPR
1970,MNRO
1971,MNSB
1972,MNST
1973,MNTK
1974,MNTS
1975,MNTV
1976,MNTX
1977,MODV
1978,MOFG
1979,MOGO
1980,MOHO
1981,MOMO
1982,MOR
1983,MORF
1984,MORN
1985,MOTS
1986,MOXC
1987,MPAA
1988,MPB
1989,MPWR
1990,MRAM
1991,MRBK
1992,MRCC
1993,MRCY
1994,MREO
1995,MRIN
1996,MRKR
1997,MRLN
1998,MRM
1999,MRNA
2000,MRNS
2001,MRSN
2002,MRTN
2003,MRTX
2004,MRUS
2005,MRVI
2006,MRVL
2007,MSBI
2008,MSEX
2009,MSFT
2010,MSGM
2011,MSTR
2012,MTAC
2013,MTACW
2014,MTBC
2015,MTBCP
2016,MTC
2017,MTCH
2018,MTCR
2019,MTEM
2020,MTEX
2021,MTLS
2022,MTP
2023,MTRX
2024,MTSI
2025,MTTR
2026,MTTRW
2027,MU
2028,MUDS
2029,MUDSW
2030,MULN
2031,MVBF
2032,MVIS
2033,MVST
2034,MXL
2035,MYFW
2036,MYGN
2037,MYMD
2038,MYPS
2039,MYPSW
2040,MYRG
2041,MYSZ
2042,NAII
2043,NAKD
2044,NAOV
2045,NARI
2046,NATH
2047,NATI
2048,NATR
2049,NAUT
2050,NAVI
2051,NBEV
2052,NBIX
2053,NBN
2054,NBRV
2055,NBSE
2056,NBTB
2057,NCBS
2058,NCMI
2059,NCNA
2060,NCNO
2061,NCTY
2062,NDACU
2063,NDAQ
2064,NDLS
2065,NDRA
2066,NDSN
2067,NECB
2068,NEGG
2069,NEO
2070,NEOG
2071,NEON
2072,NEPH
2073,NEPT
2074,NERV
2075,NESR
2076,NEWT
2077,NEXI
2078,NEXT
2079,NFBK
2080,NFE
2081,NFLX
2082,NGM
2083,NGMS
2084,NH
2085,NHTC
2086,NICE
2087,NICK
2088,NISN
2089,NIU
2090,NKLA
2091,NKSH
2092,NKTR
2093,NKTX
2094,NLOK
2095,NLSP
2096,NLTX
2097,NMFC
2098,NMIH
2099,NMRD
2100,NMRK
2101,NMTC
2102,NMTR
2103,NN
2104,NNBR
2105,NNDM
2106,NNOX
2107,NOAC
2108,NOACW
2109,NODK
2110,NOTV
2111,NOVN
2112,NOVT
2113,NRBO
2114,NRC
2115,NRIM
2116,NRIX
2117,NRXP
2118,NSIT
2119,NSPR
2120,NSSC
2121,NSTG
2122,NSYS
2123,NTAP
2124,NTCT
2125,NTES
2126,NTGR
2127,NTIC
2128,NTLA
2129,NTNX
2130,NTRA
2131,NTRS
2132,NTRSO
2133,NTUS
2134,NTWK
2135,NUAN
2136,NURO
2137,NUVA
2138,NUWE
2139,NUZE
2140,NVAX
2141,NVCN
2142,NVCR
2143,NVDA
2144,NVEC
2145,NVEE
2146,NVFY
2147,NVIV
2148,NVMI
2149,NVNO
2150,NVOS
2151,NVSAU
2152,NVVE
2153,NWBI
2154,NWE
2155,NWFL
2156,NWL
2157,NWLI
2158,NWPX
2159,NWS
2160,NWSA
2161,NXGN
2162,NXPI
2163,NXST
2164,NXTC
2165,NXTD
2166,NXTG
2167,NXTP
2168,NYMT
2169,NYMTM
2170,NYMTN
2171,NYMX
2172,OAS
2173,OBCI
2174,OBLG
2175,OBNK
2176,OBSV
2177,OCC
2178,OCCI
2179,OCDX
2180,OCFC
2181,OCG
2182,OCGN
2183,OCSL
2184,OCUL
2185,OCUP
2186,OCX
2187,ODFL
2188,ODP
2189,ODT
2190,OEG
2191,OESX
2192,OFIX
2193,OFLX
2194,OFS
2195,OGI
2196,OIIM
2197,OKTA
2198,OLB
2199,OLED
2200,OLLI
2201,OLMA
2202,OM
2203,OMAB
2204,OMCL
2205,OMER
2206,OMEX
2207,OMP
2208,OMQS
2209,ON
2210,ONB
2211,ONCR
2212,ONCS
2213,ONCT
2214,ONCY
2215,ONDS
2216,ONEM
2217,ONEQ
2218,ONEW
2219,ONTX
2220,ONVO
2221,OPBK
2222,OPCH
2223,OPEN
2224,OPGN
2225,OPHC
2226,OPI
2227,OPINL
2228,OPK
2229,OPNT
2230,OPRA
2231,OPRT
2232,OPRX
2233,OPT
2234,OPTN
2235,ORGN
2236,ORGO
2237,ORGS
2238,ORIC
2239,ORLY
2240,ORMP
2241,ORPH
2242,ORRF
2243,ORTX
2244,OSBC
2245,OSIS
2246,OSMT
2247,OSPN
2248,OSS
2249,OSTK
2250,OSUR
2251,OSW
2252,OTEX
2253,OTIC
2254,OTLK
2255,OTMO
2256,OTRK
2257,OTRKP
2258,OTTR
2259,OVBC
2260,OVID
2261,OVLY
2262,OXBR
2263,OXLC
2264,OXLCM
2265,OXLCP
2266,OXSQ
2267,OYST
2268,OZK
2269,OZON
2270,PAA
2271,PAAS
2272,PACB
2273,PACW
2274,PACX
2275,PAE
2276,PAGP
2277,PAHC
2278,PALI
2279,PANL
2280,PANW
2281,PAQC
2282,PAQCU
2283,PASG
2284,PATK
2285,PAVM
2286,PAX
2287,PAYA
2288,PAYO
2289,PAYS
2290,PAYX
2291,PBCT
2292,PBCTP
2293,PBFS
2294,PBIP
2295,PBLA
2296,PBPB
2297,PBTS
2298,PBYI
2299,PCAR
2300,PCB
2301,PCH
2302,PCOM
2303,PCRX
2304,PCSA
2305,PCSB
2306,PCT
2307,PCTI
2308,PCTY
2309,PCVX
2310,PCYG
2311,PCYO
2312,PDBC
2313,PDCE
2314,PDCO
2315,PDD
2316,PDEX
2317,PDFS
2318,PDLB
2319,PDP
2320,PDSB
2321,PEBK
2322,PEBO
2323,PEGA
2324,PENN
2325,PEP
2326,PERI
2327,PESI
2328,PETQ
2329,PETS
2330,PETZ
2331,PEY
2332,PEZ
2333,PFBC
2334,PFC
2335,PFF
2336,PFG
2337,PFHD
2338,PFI
2339,PFIE
2340,PFIN
2341,PFIS
2342,PFLT
2343,PFM
2344,PFMT
2345,PFSW
2346,PFX
2347,PGC
2348,PGEN
2349,PGJ
2350,PGNY
2351,PHAS
2352,PHAT
2353,PHCF
2354,PHIC
2355,PHIO
2356,PHO
2357,PHUN
2358,PHVS
2359,PI
2360,PID
2361,PIE
2362,PINC
2363,PIO
2364,PIRS
2365,PIXY
2366,PIZ
2367,PKBK
2368,PKOH
2369,PKW
2370,PLAB
2371,PLAY
2372,PLBC
2373,PLBY
2374,PLCE
2375,PLIN
2376,PLL
2377,PLMR
2378,PLPC
2379,PLRX
2380,PLSE
2381,PLTK
2382,PLUG
2383,PLUS
2384,PLW
2385,PLXP
2386,PLXS
2387,PLYA
2388,PMCB
2389,PMD
2390,PME
2391,PMTS
2392,PMVP
2393,PNFP
2394,PNFPP
2395,PNNT
2396,PNQI
2397,PNT
2398,PNTG
2399,POAI
2400,PODD
2401,POLA
2402,POOL
2403,POSH
2404,POTX
2405,POWI
2406,POWL
2407,POWW
2408,PPBI
2409,PPBT
2410,PPC
2411,PPH
2412,PPIH
2413,PPSI
2414,PPTA
2415,PRAA
2416,PRAX
2417,PRCH
2418,PRDO
2419,PRFT
2420,PRFX
2421,PRFZ
2422,PRGS
2423,PRIM
2424,PRLD
2425,PRN
2426,PROC
2427,PROF
2428,PROG
2429,PROV
2430,PRPH
2431,PRPL
2432,PRPO
2433,PRQR
2434,PRSO
2435,PRSR
2436,PRSRU
2437,PRTA
2438,PRTG
2439,PRTH
2440,PRTK
2441,PRTS
2442,PRVB
2443,PSC
2444,PSCD
2445,PSCE
2446,PSCF
2447,PSCH
2448,PSCI
2449,PSCT
2450,PSEC
2451,PSHG
2452,PSL
2453,PSMT
2454,PSNL
2455,PSTI
2456,PSTV
2457,PSTX
2458,PT
2459,PTC
2460,PTCT
2461,PTE
2462,PTEN
2463,PTF
2464,PTGX
2465,PTH
2466,PTMN
2467,PTON
2468,PTPI
2469,PTRA
2470,PTRS
2471,PTSI
2472,PTVE
2473,PUBM
2474,PUI
2475,PULM
2476,PUYI
2477,PVBC
2478,PWFL
2479,PWOD
2480,PWP
2481,PXI
2482,PXLW
2483,PXS
2484,PYPD
2485,PYPL
2486,PYR
2487,PYZ
2488,PZZA
2489,QABA
2490,QCLN
2491,QCOM
2492,QCRH
2493,QDEL
2494,QFIN
2495,QH
2496,QIPT
2497,QIWI
2498,QK
2499,QLGN
2500,QLI
2501,QLYS
2502,QMCO
2503,QNRX
2504,QNST
2505,QQEW
2506,QQQ
2507,QQQJ
2508,QQQM
2509,QQQN
2510,QQQX
2511,QQXT
2512,QRHC
2513,QRTEA
2514,QRTEP
2515,QRVO
2516,QSI
2517,QTEC
2518,QTNT
2519,QTRX
2520,QTT
2521,QUBT
2522,QUIK
2523,QUMU
2524,QURE
2525,QYLD
2526,QYLG
2527,RADA
2528,RADI
2529,RAIL
2530,RAPT
2531,RARE
2532,RAVE
2533,RBB
2534,RBBN
2535,RBCAA
2536,RCAT
2537,RCEL
2538,RCII
2539,RCKT
2540,RCKY
2541,RCM
2542,RCMT
2543,RCON
2544,RCRT
2545,RDBX
2546,RDCM
2547,RDFN
2548,RDHL
2549,RDI
2550,RDNT
2551,RDUS
2552,RDVT
2553,RDVY
2554,RDWR
2555,REAL
2556,REAX
2557,REDU
2558,REE
2559,REEAW
2560,REED
2561,REFR
2562,REG
2563,REGI
2564,REGN
2565,REIT
2566,REKR
2567,RELI
2568,RELL
2569,RENO
2570,REPH
2571,REPL
2572,RESN
2573,RETA
2574,RETO
2575,REYN
2576,RFDI
2577,RFEM
2578,RFIL
2579,RGCO
2580,RGEN
2581,RGLD
2582,RGLS
2583,RGNX
2584,RGP
2585,RIBT
2586,RICK
2587,RIDE
2588,RIGL
2589,RILY
2590,RILYM
2591,RILYN
2592,RILYO
2593,RILYP
2594,RILYT
2595,RING
2596,RIOT
2597,RKDA
2598,RKLB
2599,RLAY
2600,RLMD
2601,RMBI
2602,RMBL
2603,RMBS
2604,RMCF
2605,RMGCU
2606,RMNI
2607,RMR
2608,RMTI
2609,RNA
2610,RNDB
2611,RNLX
2612,RNRG
2613,RNST
2614,RNW
2615,RNWK
2616,RNWWW
2617,ROAD
2618,ROBT
2619,ROCC
2620,ROCK
2621,ROIC
2622,ROIV
2623,ROKU
2624,ROLL
2625,ROOT
2626,ROST
2627,ROVR
2628,ROVRW
2629,RPAY
2630,RPD
2631,RPRX
2632,RPTX
2633,RRBI
2634,RRGB
2635,RRR
2636,RSLS
2637,RSSS
2638,RSVR
2639,RSVRW
2640,RTH
2641,RTLR
2642,RUBY
2643,RUN
2644,RUSHA
2645,RUSHB
2646,RUTH
2647,RVMD
2648,RVNC
2649,RVPH
2650,RVSB
2651,RWLK
2652,RXDX
2653,RXT
2654,RYAAY
2655,RYTM
2656,RZLT
2657,SABR
2658,SABS
2659,SAFM
2660,SAFT
2661,SAGE
2662,SAIA
2663,SAL
2664,SALM
2665,SAMG
2666,SANA
2667,SANM
2668,SANW
2669,SASR
2670,SATS
2671,SAVA
2672,SBAC
2673,SBCF
2674,SBET
2675,SBFG
2676,SBGI
2677,SBLK
2678,SBNY
2679,SBNYP
2680,SBRA
2681,SBSI
2682,SBT
2683,SBTX
2684,SBUX
2685,SCHL
2686,SCHN
2687,SCKT
2688,SCOA
2689,SCOAW
2690,SCOR
2691,SCPH
2692,SCPL
2693,SCPS
2694,SCSC
2695,SCVL
2696,SCWX
2697,SCYX
2698,SCZ
2699,SDC
2700,SDG
2701,SDGR
2702,SDH
2703,SDVY
2704,SEAC
2705,SECO
2706,SEDG
2707,SEED
2708,SEEL
2709,SEER
2710,SEIC
2711,SELB
2712,SELF
2713,SENEA
2714,SESN
2715,SEVN
2716,SFET
2717,SFIX
2718,SFM
2719,SFNC
2720,SFST
2721,SFT
2722,SGA
2723,SGBX
2724,SGC
2725,SGEN
2726,SGH
2727,SGLB
2728,SGMA
2729,SGML
2730,SGMO
2731,SGMS
2732,SGRP
2733,SGRY
2734,SGTX
2735,SHBI
2736,SHC
2737,SHCR
2738,SHCRW
2739,SHEN
2740,SHIP
2741,SHLS
2742,SHOO
2743,SHV
2744,SHY
2745,SHYF
2746,SIBN
2747,SIEB
2748,SIEN
2749,SIFY
2750,SIGA
2751,SIGI
2752,SIGIP
2753,SILC
2754,SILK
2755,SIMO
2756,SINO
2757,SINT
2758,SIOX
2759,SIRI
2760,SISI
2761,SITM
2762,SIVB
2763,SIVBP
2764,SJ
2765,SKIN
2766,SKOR
2767,SKYW
2768,SKYY
2769,SLAB
2770,SLAMU
2771,SLDB
2772,SLGG
2773,SLGL
2774,SLGN
2775,SLHG
2776,SLM
2777,SLNG
2778,SLNH
2779,SLNO
2780,SLP
2781,SLQD
2782,SLRC
2783,SLRX
2784,SLS
2785,SLVO
2786,SMBC
2787,SMBK
2788,SMCI
2789,SMED
2790,SMFR
2791,SMH
2792,SMID
2793,SMIT
2794,SMLR
2795,SMMF
2796,SMMT
2797,SMPL
2798,SMSI
2799,SMTC
2800,SMTI
2801,SNAX
2802,SNBR
2803,SNCE
2804,SNCR
2805,SNCY
2806,SND
2807,SNDL
2808,SNDX
2809,SNES
2810,SNEX
2811,SNFCA
2812,SNGX
2813,SNLN
2814,SNOA
2815,SNPS
2816,SNPX
2817,SNRH
2818,SNSE
2819,SNSR
2820,SNT
2821,SNY
2822,SOCL
2823,SOFI
2824,SOHO
2825,SOHOB
2826,SOHU
2827,SOLO
2828,SONM
2829,SONN
2830,SONO
2831,SOTK
2832,SOXX
2833,SP
2834,SPCB
2835,SPCX
2836,SPFI
2837,SPI
2838,SPLK
2839,SPNE
2840,SPNS
2841,SPOK
2842,SPPI
2843,SPRB
2844,SPRO
2845,SPSC
2846,SPT
2847,SPTN
2848,SPWH
2849,SPWR
2850,SQFT
2851,SQQQ
2852,SRAX
2853,SRCE
2854,SRCL
2855,SRDX
2856,SRET
2857,SREV
2858,SRGA
2859,SRNE
2860,SRPT
2861,SRRA
2862,SRRK
2863,SRTS
2864,SSB
2865,SSBI
2866,SSKN
2867,SSNC
2868,SSNT
2869,SSP
2870,SSRM
2871,SSSS
2872,SSTI
2873,SSYS
2874,STAA
2875,STAB
2876,STAF
2877,STBA
2878,STCN
2879,STEP
2880,STFC
2881,STGW
2882,STIM
2883,STKL
2884,STKS
2885,STLD
2886,STNE
2887,STOK
2888,STRA
2889,STRL
2890,STRM
2891,STRO
2892,STRR
2893,STRS
2894,STRT
2895,STSA
2896,STTK
2897,STX
2898,STXB
2899,SUMO
2900,SUMR
2901,SUNS
2902,SUNW
2903,SUPN
2904,SURF
2905,SURG
2906,SUSB
2907,SUSC
2908,SUSL
2909,SV
2910,SVC
2911,SVFA
2912,SVFAU
2913,SVFAW
2914,SVFC
2915,SVRA
2916,SVVC
2917,SWAV
2918,SWBI
2919,SWIR
2920,SWKH
2921,SWKS
2922,SWTX
2923,SXTC
2924,SY
2925,SYBT
2926,SYBX
2927,SYNA
2928,SYNH
2929,SYNL
2930,SYPR
2931,SYRS
2932,SYTA
2933,TA
2934,TACO
2935,TACT
2936,TAIT
2937,TALK
2938,TANH
2939,TANNI
2940,TANNL
2941,TANNZ
2942,TAOP
2943,TARA
2944,TARS
2945,TAST
2946,TATT
2947,TBBK
2948,TBK
2949,TBLT
2950,TBLTW
2951,TBNK
2952,TBPH
2953,TC
2954,TCBI
2955,TCBK
2956,TCDA
2957,TCFC
2958,TCMD
2959,TCOM
2960,TCON
2961,TCPC
2962,TCRR
2963,TCX
2964,TDIV
2965,TEAM
2966,TECH
2967,TEDU
2968,TEKK
2969,TEKKW
2970,TELA
2971,TENB
2972,TENX
2973,TER
2974,TERN
2975,TESS
2976,TFFP
2977,TFSL
2978,TGA
2979,TGLS
2980,TGTX
2981,TH
2982,THCA
2983,THFF
2984,THMO
2985,THRM
2986,THRY
2987,THTX
2988,TIG
2989,TIGO
2990,TIGR
2991,TIL
2992,TILE
2993,TIPT
2994,TIRX
2995,TITN
2996,TLIS
2997,TLMD
2998,TLRY
2999,TLS
3000,TLSA
3001,TLT
3002,TMDI
3003,TMDX
3004,TMKRU
3005,TMUS
3006,TNDM
3007,TNGX
3008,TNXP
3009,TOI
3010,TOMZ
3011,TOPS
3012,TOUR
3013,TOWN
3014,TPIC
3015,TPST
3016,TPTX
3017,TQQQ
3018,TREE
3019,TRHC
3020,TRIB
3021,TRIN
3022,TRIP
3023,TRIT
3024,TRMB
3025,TRMD
3026,TRMK
3027,TRNS
3028,TROO
3029,TROW
3030,TRS
3031,TRST
3032,TRUE
3033,TRUP
3034,TRVG
3035,TRVI
3036,TRVN
3037,TSAT
3038,TSBK
3039,TSC
3040,TSCO
3041,TSEM
3042,TSHA
3043,TSLA
3044,TSRI
3045,TTCF
3046,TTD
3047,TTEC
3048,TTEK
3049,TTGT
3050,TTMI
3051,TTNP
3052,TTOO
3053,TTSH
3054,TTWO
3055,TUEM
3056,TUR
3057,TURN
3058,TUSK
3059,TVAC
3060,TVACW
3061,TVTX
3062,TVTY
3063,TW
3064,TWIN
3065,TWNK
3066,TWOU
3067,TWST
3068,TXG
3069,TXMD
3070,TXN
3071,TXRH
3072,TYME
3073,TZOO
3074,UAE
3075,UAL
3076,UBCP
3077,UBFO
3078,UBSI
3079,UBX
3080,UCBI
3081,UCBIO
3082,UCL
3083,UCTT
3084,UEIC
3085,UEPS
3086,UFCS
3087,UFO
3088,UFPI
3089,UFPT
3090,UG
3091,UGRO
3092,UHAL
3093,UIHC
3094,UK
3095,ULBI
3096,ULH
3097,ULTA
3098,UMBF
3099,UMPQ
3100,UNB
3101,UNIT
3102,UNTY
3103,UONE
3104,UONEK
3105,UPLD
3106,UPST
3107,UPWK
3108,URBN
3109,URGN
3110,USAK
3111,USAP
3112,USAU
3113,USEG
3114,USIG
3115,USIO
3116,USLM
3117,USMC
3118,USOI
3119,USWS
3120,USXF
3121,UTHR
3122,UTMD
3123,UTSI
3124,UVSP
3125,UXIN
3126,VALU
3127,VBIV
3128,VBLT
3129,VBTX
3130,VC
3131,VCEL
3132,VCIT
3133,VCLT
3134,VCNX
3135,VCSH
3136,VCTR
3137,VCYT
3138,VECO
3139,VEON
3140,VERB
3141,VERI
3142,VERO
3143,VERU
3144,VERX
3145,VEV
3146,VFF
3147,VG
3148,VGIT
3149,VGLT
3150,VGSH
3151,VIA
3152,VIAC
3153,VIACA
3154,VIASP
3155,VIAV
3156,VICR
3157,VIEW
3158,VIGI
3159,VINC
3160,VINO
3161,VINP
3162,VIOT
3163,VIR
3164,VIRC
3165,VIRI
3166,VIRT
3167,VIRX
3168,VISL
3169,VITL
3170,VIVE
3171,VIVO
3172,VJET
3173,VKTX
3174,VLDR
3175,VLDRW
3176,VLGEA
3177,VLON
3178,VLY
3179,VLYPO
3180,VLYPP
3181,VMAC
3182,VMAR
3183,VMBS
3184,VMD
3185,VNDA
3186,VNET
3187,VNOM
3188,VNQI
3189,VOD
3190,VONE
3191,VONG
3192,VONV
3193,VOR
3194,VOXX
3195,VPN
3196,VQS
3197,VRA
3198,VRAY
3199,VRCA
3200,VRDN
3201,VREX
3202,VRIG
3203,VRM
3204,VRME
3205,VRNA
3206,VRNS
3207,VRNT
3208,VRPX
3209,VRRM
3210,VRSK
3211,VRSN
3212,VRTS
3213,VRTX
3214,VS
3215,VSAT
3216,VSDA
3217,VSEC
3218,VSMV
3219,VSTA
3220,VSTM
3221,VTC
3222,VTGN
3223,VTHR
3224,VTIP
3225,VTIQU
3226,VTNR
3227,VTRS
3228,VTRU
3229,VTSI
3230,VTVT
3231,VTWG
3232,VTWO
3233,VTWV
3234,VUZI
3235,VVOS
3236,VVPR
3237,VWE
3238,VWOB
3239,VWTR
3240,VXRT
3241,VXUS
3242,VYGR
3243,VYMI
3244,VYNE
3245,VYNT
3246,WABC
3247,WAFD
3248,WAFDP
3249,WAFU
3250,WASH
3251,WATT
3252,WAVD
3253,WB
3254,WBA
3255,WBND
3256,WCBR
3257,WCLD
3258,WDAY
3259,WDC
3260,WDFC
3261,WEN
3262,WERN
3263,WETF
3264,WEYS
3265,WFCF
3266,WFRD
3267,WHF
3268,WHLM
3269,WHLR
3270,WIMI
3271,WINA
3272,WING
3273,WINT
3274,WIRE
3275,WISA
3276,WISH
3277,WIX
3278,WIZ
3279,WKEY
3280,WKHS
3281,WKSP
3282,WLDN
3283,WLFC
3284,WLTW
3285,WMG
3286,WMPN
3287,WNEB
3288,WNW
3289,WOOD
3290,WOOF
3291,WORX
3292,WPRT
3293,WRAP
3294,WRLD
3295,WSBC
3296,WSBCP
3297,WSBF
3298,WSC
3299,WSFS
3300,WSTG
3301,WTBA
3302,WTER
3303,WTFC
3304,WTFCM
3305,WTFCP
3306,WTRH
3307,WULF
3308,WVE
3309,WVVI
3310,WW
3311,WWD
3312,WYNN
3313,XAIR
3314,XBIO
3315,XBIT
3316,XCUR
3317,XEL
3318,XELA
3319,XELB
3320,XENE
3321,XENT
3322,XERS
3323,XFOR
3324,XGN
3325,XLNX
3326,XM
3327,XNCR
3328,XNET
3329,XOMA
3330,XOS
3331,XP
3332,XPDIU
3333,XPEL
3334,XPER
3335,XRAY
3336,XRX
3337,XSPA
3338,XT
3339,XTLB
3340,XXII
3341,YELL
3342,YGMZ
3343,YI
3344,YJ
3345,YMAB
3346,YMTX
3347,YNDX
3348,YORW
3349,YQ
3350,YTEN
3351,YTRA
3352,YVR
3353,YY
3354,Z
3355,ZBRA
3356,ZCMD
3357,ZD
3358,ZEAL
3359,ZEST
3360,ZEUS
3361,ZG
3362,ZGNX
3363,ZI
3364,ZION
3365,ZIONL
3366,ZIONO
3367,ZIOP
3368,ZIVO
3369,ZKIN
3370,ZLAB
3371,ZM
3372,ZNGA
3373,ZNTE
3374,ZNTEW
3375,ZNTL
3376,ZS
3377,ZSAN
3378,ZUMZ
3379,ZVO
3380,ZYNE
3381,ZYXI
