index,ticker,quoteType,marketCap,sharesOutstanding,exchange,bookValue,longName,shortName,trailingPE,trailingAnnualDividendYield
0,A,EQUITY,41815060480.0,302000992.0,NYQ,17.832,"Agilent Technologies, Inc.","Agilent Technologies, Inc.",35.14213,0.0056887325
1,AAL,EQUITY,11804179456.0,647513984.0,NMS,-11.486,American Airlines Group Inc.,"American Airlines Group, Inc.",,0.0
2,AAP,EQUITY,13430999040.0,62355200.0,NYQ,51.663,"Advance Auto Parts, Inc.",Advance Auto Parts Inc.,21.936552,0.011645782
3,AAPL,EQUITY,2925343014912.0,16406400000.0,NMS,3.841,Apple Inc.,Apple Inc.,31.78342,0.004883093
4,ABBV,EQUITY,286573363200.0,1767879936.0,NYQ,7.665,AbbVie Inc.,AbbVie Inc.,38.63203,0.03244322
5,ABC,EQUITY,32131571712.0,208132992.0,NYQ,1.073,AmerisourceBergen Corporation,AmerisourceBergen Corporation,20.890394,0.011532665
6,ABMD,EQUITY,15060127744.0,45497500.0,NMS,30.432,"Abiomed, Inc.","ABIOMED, Inc.",101.63034,
7,ABT,EQUITY,212236713984.0,1768290048.0,NYQ,19.466,Abbott Laboratories,Abbott Laboratories,29.782553,0.015277541
8,ACN,EQUITY,214869622784.0,632001024.0,NYQ,32.2,Accenture plc,Accenture plc,35.338604,0.011374466
9,ADBE,EQUITY,221147086848.0,475800000.0,NMS,31.086,Adobe Inc.,Adobe Inc.,46.386227,
10,ADI,EQUITY,89174941696.0,525331008.0,NMS,72.321,"Analog Devices, Inc.","Analog Devices, Inc.",49.06069,0.016731327
11,ADM,EQUITY,48637804544.0,559441024.0,NYQ,39.301,Archer-Daniels-Midland Company,Archer-Daniels-Midland Company,18.777538,0.016255667
12,ADP,EQUITY,94465859584.0,421384000.0,NMS,12.679,"Automatic Data Processing, Inc.","Automatic Data Processing, Inc.",35.471516,0.017146809
13,ADSK,EQUITY,49106771968.0,219972992.0,NMS,5.812,"Autodesk, Inc.","Autodesk, Inc.",37.65857,
14,AEE,EQUITY,23715207168.0,257606000.0,NYQ,37.597,Ameren Corporation,Ameren Corporation,23.992702,0.024176437
15,AEP,EQUITY,48775282688.0,496390016.0,NMS,44.24,"American Electric Power Company, Inc.",American Electric Power Company,20.634188,0.030692657
16,AES,EQUITY,16941202432.0,666713984.0,NYQ,3.658,The AES Corporation,The AES Corporation,32.744843,0.023638615
17,AFL,EQUITY,43012546560.0,661528000.0,NYQ,50.62,Aflac Incorporated,AFLAC Incorporated,10.543214,0.019692976
18,AIG,EQUITY,51997409280.0,830297984.0,NYQ,77.026,"American International Group, Inc.","American International Group, I",9.820449,0.02026599
19,AIZ,EQUITY,10320759808.0,56976700.0,NYQ,99.809,"Assurant, Inc.","Assurant, Inc.",8.001944,0.014436486
20,AJG,EQUITY,35699490816.0,207278000.0,NYQ,40.623,Arthur J. Gallagher & Co.,Arthur J. Gallagher & Co.,37.26309,0.011367053
21,AKAM,EQUITY,19454543872.0,162480000.0,NMS,28.213,"Akamai Technologies, Inc.","Akamai Technologies, Inc.",32.885197,
22,ALB,EQUITY,25980370944.0,116976000.0,NYQ,48.678,Albemarle Corporation,Albemarle Corporation,119.02465,0.0072612655
23,ALGN,EQUITY,35645546496.0,78853104.0,NMS,44.6,"Align Technology, Inc.","Align Technology, Inc.",48.722786,
24,ALK,EQUITY,7380191232.0,125311000.0,NYQ,28.179,"Alaska Air Group, Inc.","Alaska Air Group, Inc.",566.2981,0.0
25,ALL,EQUITY,39681691648.0,286676000.0,NYQ,85.969,The Allstate Corporation,Allstate Corporation (The),12.781163,0.021405406
26,ALLE,EQUITY,10269284352.0,89695904.0,NYQ,9.635,Allegion plc,Allegion plc,22.510815,0.0124344975
27,AMAT,EQUITY,125444710400.0,888513024.0,NMS,13.73,"Applied Materials, Inc.","Applied Materials, Inc.",22.060156,0.0067825965
28,AMCR,EQUITY,17623789568.0,1533170048.0,NYQ,3.041,Amcor plc,Amcor plc,18.937397,0.041843973
29,AMD,EQUITY,148379156480.0,1207609984.0,NMS,5.888,"Advanced Micro Devices, Inc.","Advanced Micro Devices, Inc.",37.899475,
30,AME,EQUITY,31265794048.0,231324992.0,NYQ,28.351,"AMETEK, Inc.","AMETEK, Inc.",33.874588,0.005886792
31,AMGN,EQUITY,135206363136.0,563265984.0,NMS,14.543,Amgen Inc.,Amgen Inc.,24.74384,0.029045468
32,AMP,EQUITY,34955554816.0,111890000.0,NYQ,50.775,"Ameriprise Financial, Inc.","Ameriprise Financial, Inc.",16.982496,0.013922752
33,AMT,EQUITY,113785192448.0,455414016.0,NYQ,11.882,American Tower Corporation,American Tower Corporation (REI,45.36953,0.02135972
34,AMZN,EQUITY,1722906050560.0,507148000.0,NMS,237.799,"Amazon.com, Inc.","Amazon.com, Inc.",66.4836,
35,ANET,EQUITY,43234037760.0,307300000.0,NYQ,12.568,"Arista Networks, Inc.","Arista Networks, Inc.",57.121395,
36,ANSS,EQUITY,28571867136.0,87253000.0,NMS,49.755,"ANSYS, Inc.","ANSYS, Inc.",61.57578,
37,ANTM,EQUITY,118707052544.0,242715008.0,NYQ,147.158,"Anthem, Inc.","Anthem, Inc.",22.002878,0.009161336
38,AON,EQUITY,71828234240.0,220332000.0,NYQ,9.977,Aon plc,Aon plc,81.235985,0.0061127394
39,AOS,EQUITY,10706031616.0,133187000.0,NYQ,11.916,A. O. Smith Corporation,A.O. Smith Corporation,23.275085,0.015702853
40,APA,EQUITY,,,NMS,,APA Corporation,APA Corporation,,
41,APD,EQUITY,55780126720.0,221684000.0,NYQ,61.156,"Air Products and Chemicals, Inc.","Air Products and Chemicals, Inc",26.66596,0.024091415
42,APH,EQUITY,46227570688.0,598028032.0,NYQ,9.95,Amphenol Corporation,Amphenol Corporation,32.478992,0.0076902676
43,APTV,EQUITY,34287646720.0,270513984.0,NYQ,30.661,Aptiv PLC,Aptiv PLC,43.097588,0.0
44,ARE,EQUITY,31223697408.0,154964000.0,NYQ,96.052,"Alexandria Real Estate Equities, Inc.",Alexandria Real Estate Equities,30.93184,0.023036432
45,ATO,EQUITY,15699664896.0,132705000.0,NYQ,59.711,Atmos Energy Corporation,Atmos Energy Corporation,23.106445,0.02161321
46,ATVI,EQUITY,62720040960.0,778889024.0,NMS,21.765,"Activision Blizzard, Inc.","Activision Blizzard, Inc",23.887571,0.005903039
47,AVB,EQUITY,35900858368.0,139740992.0,NYQ,77.382,"AvalonBay Communities, Inc.","AvalonBay Communities, Inc.",35.50933,0.026151316
48,AVGO,EQUITY,263153483776.0,412873984.0,NMS,60.441,Broadcom Inc.,Broadcom Inc.,42.491333,0.023785578
49,AVY,EQUITY,14873401344.0,82795600.0,NYQ,21.721,Avery Dennison Corporation,Avery Dennison Corporation,20.168407,0.01558566
50,AWK,EQUITY,29741371392.0,181538000.0,NYQ,37.822,"American Water Works Company, Inc.","American Water Works Company, I",39.025726,0.014574772
51,AXP,EQUITY,148234534912.0,774556032.0,NYQ,31.396,American Express Company,American Express Company,19.991644,0.009105829
52,AZO,EQUITY,42634178560.0,20634400.0,NYQ,-102.774,"AutoZone, Inc.","AutoZone, Inc.",20.144196,
53,BA,EQUITY,113707769856.0,587699008.0,NYQ,-24.58,The Boeing Company,Boeing Company (The),,0.0
54,BAC,EQUITY,354616180736.0,8184079872.0,NYQ,30.217,Bank of America Corporation,Bank of America Corporation,12.973055,0.017413514
55,BAX,EQUITY,39644872704.0,500692992.0,NYQ,17.517,Baxter International Inc.,Baxter International Inc.,33.324917,0.013516992
56,BBWI,EQUITY,13355206656.0,257723008.0,NYQ,-6.446,"Bath & Body Works, Inc.","Bath & Body Works, Inc.",9.026301,0.006026517
57,BBY,EQUITY,24181190656.0,240560992.0,NYQ,17.547,"Best Buy Co., Inc.","Best Buy Co., Inc.",9.71865,0.028952539
58,BDX,EQUITY,76870393856.0,285043008.0,NYQ,83.223,"Becton, Dickinson and Company","Becton, Dickinson and Company",39.369343,0.012619256
59,BEN,EQUITY,14506893312.0,501795008.0,NYQ,22.366,"Franklin Resources, Inc.","Franklin Resources, Inc.",8.09804,0.04057971
60,BF-B,EQUITY,31487066112.0,309743008.0,NYQ,6.115,Brown-Forman Corporation,Brown Forman Inc,42.09375,0.010808369
61,BIIB,EQUITY,31486513152.0,146892992.0,NMS,71.0,Biogen Inc.,Biogen Inc.,20.97974,
62,BIO,EQUITY,17542918144.0,24836100.0,NYQ,512.476,"Bio-Rad Laboratories, Inc.","Bio-Rad Laboratories, Inc.",2.6606162,
63,BK,EQUITY,43403665408.0,825820992.0,NYQ,47.298,The Bank of New York Mellon Corporation,The Bank of New York Mellon Cor,13.390625,0.024404304
64,BKNG,EQUITY,97794588672.0,41059800.0,NMS,135.035,Booking Holdings Inc.,Booking Holdings Inc. Common St,257.48758,
65,BKR,EQUITY,31701633024.0,869968000.0,NMS,16.463,Baker Hughes Company,Baker Hughes Company,202.44443,0.018803865
66,BLK,EQUITY,117737193472.0,151916992.0,NYQ,242.236,"BlackRock, Inc.","BlackRock, Inc.",20.608133,0.021699084
67,BLL,EQUITY,29432250368.0,323894016.0,NYQ,11.403,Ball Corporation,Ball Corporation,37.425865,0.006993007
68,BMY,EQUITY,161944944640.0,2219640064.0,NYQ,16.765,Bristol-Myers Squibb Company,Bristol-Myers Squibb Company,,0.027068084
69,BR,EQUITY,18329559040.0,116578000.0,NYQ,15.081,"Broadridge Financial Solutions, Inc.","Broadridge Financial Solutions,",33.77658,0.015567404
70,BRK-B,EQUITY,793440485376.0,1303480064.0,NYQ,316350.56,Berkshire Hathaway Inc.,Berkshire Hathaway Inc. New,0.00629701,
71,BRO,EQUITY,20436418560.0,282427008.0,NYQ,14.544,"Brown & Brown, Inc.","Brown & Brown, Inc.",35.31479,0.0053630965
72,BSX,EQUITY,63661424640.0,1424989952.0,NYQ,11.554,Boston Scientific Corporation,Boston Scientific Corporation,58.09493,
73,BWA,EQUITY,9671162880.0,239771008.0,NYQ,27.718,BorgWarner Inc.,BorgWarner Inc.,12.573255,0.017653167
74,BXP,EQUITY,20684150784.0,156207008.0,NYQ,36.598,"Boston Properties, Inc.","Boston Properties, Inc.",64.78229,0.031081509
75,C,EQUITY,111694561280.0,1984269952.0,NYQ,92.165,Citigroup Inc.,"Citigroup, Inc.",5.3315024,0.036157392
76,CAG,EQUITY,15940098048.0,479689984.0,NYQ,17.839,"Conagra Brands, Inc.","ConAgra Brands, Inc.",13.393793,0.03522305
77,CAH,EQUITY,16164768768.0,281788000.0,NYQ,4.905,"Cardinal Health, Inc.","Cardinal Health, Inc.",14.807693,0.034101624
78,CARR,EQUITY,41613414400.0,866585024.0,NYQ,7.962,Carrier Global Corporation,Carrier Global Corporation,19.261934,0.010396361
79,CAT,EQUITY,118834135040.0,540942016.0,NYQ,30.807,Caterpillar Inc.,"Caterpillar, Inc.",23.500214,0.01926106
80,CB,EQUITY,92400402432.0,430740992.0,NYQ,137.668,Chubb Limited,Chubb Limited,10.905694,0.014822459
81,CBOE,EQUITY,12113577984.0,106643000.0,BTS,32.792,"Cboe Global Markets, Inc.","Cboe Global Markets, Inc.",27.14866,0.01530343
82,CBRE,EQUITY,31277883392.0,334665984.0,NYQ,24.279,"CBRE Group, Inc.",CBRE Group Inc,21.785547,
83,CCI,EQUITY,79288508416.0,432203008.0,NYQ,19.704,Crown Castle International Corp.,Crown Castle International Corp,63.898293,0.030346245
84,CCL,EQUITY,23262740480.0,981048000.0,NYQ,13.107,Carnival Corporation & plc,Carnival Corporation,,0.0
85,CDAY,EQUITY,10853459968.0,151331008.0,NYQ,14.698,Ceridian HCM Holding Inc.,Ceridian HCM Holding Inc.,,
86,CDNS,EQUITY,46024806400.0,277140992.0,NMS,9.494,"Cadence Design Systems, Inc.","Cadence Design Systems, Inc.",66.963715,
87,CDW,EQUITY,24676478976.0,135723008.0,NMS,6.145,CDW Corporation,CDW Corporation,25.550169,0.009099182
88,CE,EQUITY,15945247744.0,108871000.0,NYQ,35.895,Celanese Corporation,Celanese Corporation Celanese C,5.9075513,0.018490199
89,CEG,EQUITY,,,NMS,,Constellation Energy Corporation,Constellation Energy Corporatio,,
90,CERN,EQUITY,27339261952.0,292211008.0,NMS,12.958,Cerner Corporation,Cerner Corporation,55.03529,0.009423859
91,CF,EQUITY,21355276288.0,214475008.0,NYQ,13.716,"CF Industries Holdings, Inc.","CF Industries Holdings, Inc.",72.152176,0.011278196
92,CFG,EQUITY,20602507264.0,426200000.0,NYQ,50.232,"Citizens Financial Group, Inc.","Citizens Financial Group, Inc.",9.706827,0.03207237
93,CHD,EQUITY,24960000000.0,250000000.0,NYQ,14.341,"Church & Dwight Co., Inc.","Church & Dwight Company, Inc.",30.457594,0.010263267
94,CHRW,EQUITY,14368762880.0,129987000.0,NMS,14.963,"C.H. Robinson Worldwide, Inc.","C.H. Robinson Worldwide, Inc.",19.578463,0.019178338
95,CHTR,EQUITY,102663823360.0,179291008.0,NMS,94.985,"Charter Communications, Inc.","Charter Communications, Inc.",26.095337,
96,CI,EQUITY,79781347328.0,331428000.0,NYQ,143.075,Cigna Corporation,Cigna Corporation,10.018729,0.012391574
97,CINF,EQUITY,21866831872.0,161140992.0,NMS,73.501,Cincinnati Financial Corporation,Cincinnati Financial Corporatio,8.7379265,0.01846907
98,CL,EQUITY,64107094016.0,842849024.0,NYQ,0.701,Colgate-Palmolive Company,Colgate-Palmolive Company,24.222929,0.024168363
99,CLX,EQUITY,17129559040.0,122863000.0,NYQ,2.995,The Clorox Company,Clorox Company (The),40.21344,0.03385533
100,CMA,EQUITY,12486695936.0,131149000.0,NYQ,56.554,Comerica Incorporated,Comerica Incorporated,11.85531,0.028923862
101,CMCSA,EQUITY,218302988288.0,4559479808.0,NMS,20.964,Comcast Corporation,Comcast Corporation,15.368285,0.020940172
102,CME,EQUITY,86356393984.0,359396000.0,NMS,76.084,CME Group Inc.,CME Group Inc.,35.439526,0.014493938
103,CMG,EQUITY,44995256320.0,28135400.0,NYQ,82.078,"Chipotle Mexican Grill, Inc.","Chipotle Mexican Grill, Inc.",64.20846,
104,CMI,EQUITY,30361403392.0,143032000.0,NYQ,56.505,Cummins Inc.,Cummins Inc.,13.955032,0.026285604
105,CMS,EQUITY,19949983744.0,289696992.0,NYQ,20.249,CMS Energy Corporation,CMS Energy Corporation,22.825655,0.025157971
106,CNC,EQUITY,49224310784.0,583502976.0,NYQ,45.357,Centene Corporation,Centene Corporation,67.54204,
107,CNP,EQUITY,19255877632.0,628865984.0,NYQ,12.841,"CenterPoint Energy, Inc.","CenterPoint Energy, Inc (Holdin",19.46599,0.021155138
108,COF,EQUITY,57856925696.0,425622016.0,NYQ,133.911,Capital One Financial Corporation,Capital One Financial Corporati,5.0837727,0.011105352
109,COO,EQUITY,20542117888.0,49408000.0,NYQ,140.807,"The Cooper Companies, Inc.","The Cooper Companies, Inc.",7.0278063,0.00014565227
110,COP,EQUITY,131591634944.0,1318950016.0,NYQ,33.447,ConocoPhillips,ConocoPhillips,27.059938,0.016453033
111,COST,EQUITY,252254273536.0,443432000.0,NMS,41.636,Costco Wholesale Corporation,Costco Wholesale Corporation,48.91384,0.005500708
112,CPB,EQUITY,13457513472.0,301737984.0,NYQ,10.712,Campbell Soup Company,Campbell Soup Company,14.290291,0.034164358
113,CPRT,EQUITY,30931687424.0,237188000.0,NMS,15.995,"Copart, Inc.","Copart, Inc.",31.424097,
114,CRL,EQUITY,14683121664.0,50464400.0,NYQ,48.089,"Charles River Laboratories International, Inc.",Charles River Laboratories Inte,37.684235,
115,CRM,EQUITY,218059309056.0,985000000.0,NYQ,57.982,"salesforce.com, inc.",Salesforce.com Inc,121.77118,
116,CSCO,EQUITY,233592324096.0,4217609984.0,NMS,10.126,"Cisco Systems, Inc.","Cisco Systems, Inc.",20.589218,0.026972478
117,CSX,EQUITY,83118792704.0,2217979904.0,NMS,5.935,CSX Corporation,CSX Corporation,23.584015,0.009950927
118,CTAS,EQUITY,44824829952.0,103664000.0,NMS,34.372,Cintas Corporation,Cintas Corporation,40.404133,0.008284398
119,CTLT,EQUITY,19053223936.0,171188000.0,NYQ,23.51,"Catalent, Inc.","Catalent, Inc.",35.03305,
120,CTRA,EQUITY,22178136064.0,813577984.0,NYQ,5.82,Coterra Energy Inc.,Coterra Energy Inc.,31.012514,0.01553829
121,CTSH,EQUITY,49265754112.0,525252000.0,NMS,21.992,Cognizant Technology Solutions Corporation,Cognizant Technology Solutions ,26.155148,0.010308147
122,CTVA,EQUITY,42087206912.0,728908992.0,NYQ,33.878,"Corteva, Inc.","Corteva, Inc.",26.221619,0.009232348
123,CTXS,EQUITY,12614483968.0,124723000.0,NMS,3.208,"Citrix Systems, Inc.","Citrix Systems, Inc.",40.1668,0.01447551
124,CVS,EQUITY,137669066752.0,1320060032.0,NYQ,56.251,CVS Health Corporation,CVS Health Corporation,18.203875,0.018509949
125,CVX,EQUITY,314367672320.0,1927689984.0,NYQ,70.479,Chevron Corporation,Chevron Corporation,31.525229,0.031629585
126,CZR,EQUITY,17364862976.0,213774000.0,NMS,22.85,"Caesars Entertainment, Inc.","Caesars Entertainment, Inc.",,
127,D,EQUITY,68307636224.0,809907968.0,NYQ,30.27,"Dominion Energy, Inc.","Dominion Energy, Inc.",26.597286,0.030619683
128,DAL,EQUITY,25376557056.0,640014016.0,NYQ,4.086,"Delta Air Lines, Inc.","Delta Air Lines, Inc.",,8.05153e-05
129,DD,EQUITY,40495009792.0,518104000.0,NYQ,51.405,"DuPont de Nemours, Inc.","DuPont de Nemours, Inc.",7.2229924,0.015727391
130,DE,EQUITY,126511824896.0,307407008.0,NYQ,59.828,Deere & Company,Deere & Company,21.67167,0.0083522275
131,DFS,EQUITY,33504448512.0,293076000.0,NYQ,41.413,Discover Financial Services,Discover Financial Services,6.835685,0.016264522
132,DG,EQUITY,52981895168.0,231706000.0,NYQ,26.714,Dollar General Corporation,Dollar General Corporation,22.349722,0.0073336354
133,DGX,EQUITY,17341337600.0,122675000.0,NYQ,51.967,Quest Diagnostics Incorporated,Quest Diagnostics Incorporated,8.498768,0.017043455
134,DHI,EQUITY,28872030208.0,356180992.0,NYQ,41.814,"D.R. Horton, Inc.","D.R. Horton, Inc.",7.1042943,0.010148421
135,DHR,EQUITY,210527109120.0,714577024.0,NYQ,56.239,Danaher Corporation,Danaher Corporation,37.37856,0.002826929
136,DIS,EQUITY,259580018688.0,1817660032.0,NYQ,48.709,The Walt Disney Company,Walt Disney Company (The),130.5393,0.0063327574
137,DISCA,EQUITY,13094488064.0,169284992.0,NMS,17.714,"Discovery, Inc.","Discovery, Inc. - Series A",17.61204,
138,DISCK,EQUITY,13503392768.0,330145984.0,NMS,17.714,"Discovery, Inc.","Discovery, Inc. - Series C",17.61204,
139,DISH,EQUITY,16805327872.0,290366016.0,NMS,28.282,DISH Network Corporation,DISH Network Corporation,7.64126,
140,DLR,EQUITY,41071726592.0,283787008.0,NYQ,58.279,"Digital Realty Trust, Inc.","Digital Realty Trust, Inc.",61.04061,0.03341809
141,DLTR,EQUITY,35775877120.0,224956000.0,NMS,32.212,"Dollar Tree, Inc.","Dollar Tree, Inc.",26.764559,
142,DOV,EQUITY,23337086976.0,143984992.0,NYQ,27.029,Dover Corporation,Dover Corporation,24.977655,0.012624818
143,DOW,EQUITY,47240626176.0,739614016.0,NYQ,22.226,Dow Inc.,Dow Inc.,8.289682,0.043688565
144,DPZ,EQUITY,15038256128.0,36360300.0,NYQ,-112.88,"Domino's Pizza, Inc.",Domino's Pizza Inc,31.392029,0.009155645
145,DRE,EQUITY,22367320064.0,380849984.0,NYQ,15.629,Duke Realty Corporation,Duke Realty Corporation,24.109194,0.018630771
146,DRI,EQUITY,17488529408.0,129785000.0,NYQ,19.683,"Darden Restaurants, Inc.","Darden Restaurants, Inc.",19.26376,0.026057404
147,DTE,EQUITY,25246504960.0,193727008.0,NYQ,44.222,DTE Energy Company,DTE Energy Company,28.86379,0.03192738
148,DUK,EQUITY,84920074240.0,769342976.0,NYQ,61.567,Duke Energy Corporation,Duke Energy Corporation (Holdin,28.230177,0.0361031
149,DVA,EQUITY,11788811264.0,101900000.0,NYQ,11.145,DaVita Inc.,DaVita Inc.,13.510452,
150,DVN,EQUITY,40626769920.0,677000000.0,NYQ,13.182,Devon Energy Corporation,Devon Energy Corporation,29.796425,0.020149495
151,DXC,EQUITY,8573604352.0,252239008.0,NYQ,18.919,DXC Technology Company,DXC Technology Company,22.361843,0.0
152,DXCM,EQUITY,49547493376.0,96922000.0,NMS,22.044,"DexCom, Inc.","DexCom, Inc.",96.41833,
153,EA,EQUITY,36289925120.0,282808000.0,NMS,27.695,Electronic Arts Inc.,Electronic Arts Inc.,47.263355,0.0054153064
154,EBAY,EQUITY,37705908224.0,626003968.0,NMS,17.291,eBay Inc.,eBay Inc.,3.2948253,0.012231347
155,ECL,EQUITY,52442480640.0,286567008.0,NYQ,24.195,Ecolab Inc.,Ecolab Inc.,46.79174,0.010892999
156,ED,EQUITY,32941107200.0,353748992.0,NYQ,56.602,"Consolidated Edison, Inc.","Consolidated Edison, Inc.",27.58294,0.033967838
157,EFX,EQUITY,29591584768.0,122002000.0,NYQ,29.01,Equifax Inc.,"Equifax, Inc.",42.898834,0.006595358
158,EIX,EQUITY,26297231360.0,379908000.0,NYQ,35.816,Edison International,Edison International,34.48929,0.039575867
159,EL,EQUITY,102325731328.0,231704992.0,NYQ,16.861,The Est√©e Lauder Companies Inc.,"Estee Lauder Companies, Inc. (T",34.466537,0.007662281
160,EMN,EQUITY,15223985152.0,134440000.0,NYQ,45.522,Eastman Chemical Company,Eastman Chemical Company,30.39184,0.02494577
161,EMR,EQUITY,58685288448.0,595699008.0,NYQ,16.588,Emerson Electric Co.,Emerson Electric Company,25.789267,0.020660736
162,ENPH,EQUITY,27142944768.0,134912000.0,NGM,4.804,"Enphase Energy, Inc.","Enphase Energy, Inc.",174.6441,
163,EOG,EQUITY,70199099392.0,585089984.0,NYQ,37.206,"EOG Resources, Inc.","EOG Resources, Inc.",23.130905,0.013329477
164,EPAM,EQUITY,17694246912.0,56719600.0,NYQ,41.248,"EPAM Systems, Inc.","EPAM Systems, Inc.",43.261684,
165,EQIX,EQUITY,68236824576.0,90041200.0,NMS,117.377,"Equinix, Inc.","Equinix, Inc.",159.78073,0.015836881
166,EQR,EQUITY,34651480064.0,375016000.0,NYQ,28.334,Equity Residential,Equity Residential,32.731136,0.02755073
167,ES,EQUITY,29990199296.0,343806016.0,NYQ,41.922,Eversource Energy,Eversource Energy (D/B/A),25.342825,0.027803794
168,ESS,EQUITY,23194038272.0,65087800.0,NYQ,91.413,"Essex Property Trust, Inc.","Essex Property Trust, Inc.",51.870453,0.024839323
169,ETN,EQUITY,62703448064.0,398600000.0,NYQ,40.068,Eaton Corporation plc,"Eaton Corporation, PLC",30.527695,0.01964752
170,ETR,EQUITY,23179139072.0,200980992.0,NYQ,55.99,Entergy Corporation,Entergy Corporation,18.664833,0.03370886
171,ETSY,EQUITY,18310979584.0,126781000.0,NMS,4.218,"Etsy, Inc.","Etsy, Inc.",42.89575,
172,EVRG,EQUITY,15562593280.0,229303008.0,NYQ,40.636,"Evergy, Inc.","Evergy, Inc.",17.570387,0.032661784
173,EW,EQUITY,72603803648.0,624334016.0,NYQ,8.877,Edwards Lifesciences Corporation,Edwards Lifesciences Corporatio,50.017204,
174,EXC,EQUITY,45638537216.0,978318016.0,NMS,34.601,Exelon Corporation,Exelon Corporation,27.280703,0.034405217
175,EXPD,EQUITY,17887367168.0,169404000.0,NMS,20.174,"Expeditors International of Washington, Inc.",Expeditors International of Was,15.624445,0.01059016
176,EXPE,EQUITY,29737369600.0,146004000.0,NMS,10.585,"Expedia Group, Inc.","Expedia Group, Inc.",,0.0
177,EXR,EQUITY,28039661568.0,133892000.0,NYQ,22.357,Extra Space Storage Inc.,Extra Space Storage Inc,38.896732,0.021297341
178,F,EQUITY,70973620224.0,3925390080.0,NYQ,9.157,Ford Motor Company,Ford Motor Company,24.908976,0.0
179,FANG,EQUITY,25108119552.0,181175008.0,NMS,63.515,"Diamondback Energy, Inc.","Diamondback Energy, Inc. - Comm",54.113586,0.012221524
180,FAST,EQUITY,33865598976.0,575163008.0,NMS,5.155,Fastenal Company,Fastenal Company,38.23377,0.019006103
181,FB,EQUITY,639757516800.0,2366279936.0,NMS,47.748,"Meta Platforms, Inc.","Meta Platforms, Inc.",16.457922,
182,FBHS,EQUITY,10929980416.0,135734000.0,NYQ,22.504,"Fortune Brands Home & Security, Inc.","Fortune Brands Home & Security,",14.862495,0.013149413
183,FCX,EQUITY,73124519936.0,1468470016.0,NYQ,9.096,Freeport-McMoRan Inc.,"Freeport-McMoRan, Inc.",18.85513,0.004373178
184,FDS,EQUITY,16546857984.0,37797200.0,NYQ,29.093,FactSet Research Systems Inc.,FactSet Research Systems Inc.,41.57455,0.007701662
185,FDX,EQUITY,62710210560.0,264968992.0,NYQ,94.124,FedEx Corporation,FedEx Corporation,13.017436,0.012882019
186,FE,EQUITY,25789603840.0,570188032.0,NYQ,13.738,FirstEnergy Corp.,FirstEnergy Corp.,22.480118,0.035527214
187,FFIV,EQUITY,13219427328.0,61229400.0,NMS,38.914,"F5, Inc.","F5, Inc.",40.43071,
188,FIS,EQUITY,62483030016.0,608937024.0,NYQ,77.348,"Fidelity National Information Services, Inc.",Fidelity National Information S,285.02777,0.015765999
189,FISV,EQUITY,68182155264.0,660232000.0,NMS,47.873,"Fiserv, Inc.","Fiserv, Inc.",53.50777,
190,FITB,EQUITY,31422576640.0,682505984.0,NMS,29.586,Fifth Third Bancorp,Fifth Third Bancorp,12.725263,0.02420938
191,FLT,EQUITY,20278538240.0,81198600.0,NYQ,39.102,"FLEETCOR Technologies, Inc.","FleetCor Technologies, Inc.",25.783606,
192,FMC,EQUITY,16523260928.0,126751000.0,NYQ,23.916,FMC Corporation,FMC Corporation,28.531408,0.014344415
193,FOX,EQUITY,22402109440.0,249240000.0,NMS,20.034,Fox Corporation,Fox Corporation,12.718053,0.012509981
194,FOXA,EQUITY,22536364032.0,320347008.0,NMS,20.034,Fox Corporation,Fox Corporation,13.8286,0.011488633
195,FRC,EQUITY,30284093440.0,179286000.0,NYQ,66.436,First Republic Bank,FIRST REPUBLIC BANK,23.256918,0.0051741772
196,FRT,EQUITY,9605448704.0,77789504.0,NYQ,29.588,Federal Realty Investment Trust,Federal Realty Investment Trust,40.941647,0.03612717
197,FTNT,EQUITY,56627408896.0,163500000.0,NMS,6.843,"Fortinet, Inc.","Fortinet, Inc.",104.25798,
198,FTV,EQUITY,22662129664.0,358577984.0,NYQ,25.984,Fortive Corporation,Fortive Corporation,13.787086,0.00456621
199,GD,EQUITY,66774786048.0,279223008.0,NYQ,56.401,General Dynamics Corporation,General Dynamics Corporation,20.523945,0.019377593
200,GE,EQUITY,103532642304.0,1098140032.0,NYQ,34.122,General Electric Company,General Electric Company,,0.0033999148
201,GILD,EQUITY,75563851776.0,1254380032.0,NMS,17.108,"Gilead Sciences, Inc.","Gilead Sciences, Inc.",10.308009,0.04751437
202,GIS,EQUITY,40622972928.0,603206976.0,NYQ,15.79,"General Mills, Inc.","General Mills, Inc.",18.562569,0.03074141
203,GL,EQUITY,10401847296.0,100979000.0,NYQ,85.111,Globe Life Inc.,Globe Life Inc.,13.9485445,0.0077666035
204,GLW,EQUITY,32655656960.0,853408000.0,NYQ,14.51,Corning Incorporated,Corning Incorporated,38.112553,0.024511084
205,GM,EQUITY,67315490816.0,1451859968.0,NYQ,36.1,General Motors Company,General Motors Company,6.205166,0.0
206,GNRC,EQUITY,20275232768.0,63090000.0,NYQ,28.25,Generac Holdings Inc.,Generac Holdlings Inc.,39.034374,
207,GOOG,EQUITY,1905628545024.0,317737984.0,NMS,367.946,Alphabet Inc.,Alphabet Inc.,27.658785,
208,GOOGL,EQUITY,1899340496896.0,300809984.0,NMS,367.946,Alphabet Inc.,Alphabet Inc.,27.56428,
209,GPC,EQUITY,18487799808.0,142422000.0,NYQ,22.338,Genuine Parts Company,Genuine Parts Company,23.143162,0.02525568
210,GPN,EQUITY,40780726272.0,290151008.0,NYQ,90.135,Global Payments Inc.,Global Payments Inc.,44.37954,0.006596013
211,GRMN,EQUITY,23405586432.0,192322000.0,NYQ,30.442,Garmin Ltd.,Garmin Ltd.,20.77501,0.022941278
212,GS,EQUITY,113136312320.0,333577984.0,NYQ,275.256,"The Goldman Sachs Group, Inc.","Goldman Sachs Group, Inc. (The)",5.5939302,0.017101388
213,GWW,EQUITY,26716211200.0,51520000.0,NYQ,35.462,"W.W. Grainger, Inc.","W.W. Grainger, Inc.",29.640467,0.01256883
214,HAL,EQUITY,33710069760.0,895116032.0,NYQ,6.355,Halliburton Company,Halliburton Company,84.25056,0.00477707
215,HAS,EQUITY,12012425216.0,137947008.0,NMS,21.888,"Hasbro, Inc.","Hasbro, Inc.",26.564978,0.031812865
216,HBAN,EQUITY,22486734848.0,1446460032.0,NMS,11.899,Huntington Bancshares Incorporated,Huntington Bancshares Incorpora,17.096413,0.03963012
217,HCA,EQUITY,82178498560.0,311023008.0,NYQ,-2.217,"HCA Healthcare, Inc.","HCA Healthcare, Inc.",13.526852,0.00552571
218,HD,EQUITY,331734155264.0,1044240000.0,NYQ,0.989,"The Home Depot, Inc.","Home Depot, Inc. (The)",21.242393,0.020900628
219,HES,EQUITY,32989024256.0,309727008.0,NYQ,18.222,Hess Corporation,Hess Corporation,168.26224,0.00938879
220,HIG,EQUITY,24796418048.0,340352992.0,NYQ,51.284,"The Hartford Financial Services Group, Inc.",Hartford Financial Services Gro,12.124314,0.01919319
221,HII,EQUITY,8041645056.0,40061000.0,NYQ,54.589,"Huntington Ingalls Industries, Inc.","Huntington Ingalls Industries, ",12.043138,0.022397956
222,HLT,EQUITY,43249291264.0,278721984.0,NYQ,-4.047,Hilton Worldwide Holdings Inc.,Hilton Worldwide Holdings Inc.,1108.3572,0.0
223,HOLX,EQUITY,19113023488.0,251420992.0,NMS,16.631,"Hologic, Inc.","Hologic, Inc.",10.543689,
224,HON,EQUITY,135302643712.0,688422976.0,NMS,25.917,Honeywell International Inc.,Honeywell International Inc.,25.294722,0.019107299
225,HPE,EQUITY,22661197824.0,1293440000.0,NYQ,15.422,Hewlett Packard Enterprise Company,Hewlett Packard Enterprise Comp,6.7907367,0.028152494
226,HPQ,EQUITY,42967744512.0,1082720000.0,NYQ,-1.511,HP Inc.,HP Inc.,7.4455914,0.020114196
227,HRL,EQUITY,27421487104.0,542569984.0,NYQ,12.855,Hormel Foods Corporation,Hormel Foods Corporation,30.445784,0.019498609
228,HSIC,EQUITY,12258782208.0,138674000.0,NMS,24.854,"Henry Schein, Inc.","Henry Schein, Inc.",20.122923,
229,HST,EQUITY,14080770048.0,714035008.0,NMS,8.573,"Host Hotels & Resorts, Inc.",Host Hotels,,0.0
230,HSY,EQUITY,44113694720.0,145390000.0,NYQ,12.274,The Hershey Company,The Hershey Company,31.08885,0.015683582
231,HUM,EQUITY,56195067904.0,128534000.0,NYQ,126.503,Humana Inc.,Humana Inc.,21.31747,0.0062297103
232,HWM,EQUITY,15695989760.0,427217984.0,NYQ,8.234,Howmet Aerospace Inc.,Howmet Aerospace Inc.,55.58245,0.00054024847
233,IBM,EQUITY,118116966400.0,896320000.0,NYQ,24.786,International Business Machines Corporation,International Business Machines,24.944143,0.050599612
234,ICE,EQUITY,74751885312.0,563404032.0,NYQ,38.361,"Intercontinental Exchange, Inc.",Intercontinental Exchange Inc.,24.475004,0.009549189
235,IDXX,EQUITY,46593232896.0,84793600.0,NMS,8.892,"IDEXX Laboratories, Inc.","IDEXX Laboratories, Inc.",63.02936,
236,IEX,EQUITY,15042833408.0,76031504.0,NYQ,35.805,IDEX Corporation,IDEX Corporation,35.154587,0.010916018
237,IFF,EQUITY,34060935168.0,254547008.0,NYQ,84.175,International Flavors & Fragrances Inc.,International Flavors & Fragran,114.661514,0.024222534
238,ILMN,EQUITY,55778779136.0,156300000.0,NMS,67.471,"Illumina, Inc.","Illumina, Inc.",58.417088,
239,INCY,EQUITY,17606117376.0,220891008.0,NMS,14.255,Incyte Corporation,Incyte Corporation,33.045193,
240,INTC,EQUITY,211239976960.0,4067000064.0,NMS,22.151,Intel Corporation,Intel Corporation,10.069795,0.026598219
241,INTU,EQUITY,137568190464.0,283167008.0,NMS,35.623,Intuit Inc.,Intuit Inc.,64.08389,0.0052616885
242,IP,EQUITY,18023221248.0,387263008.0,NYQ,24.85,International Paper Company,International Paper Company,10.248844,0.04531388
243,IPG,EQUITY,14667373568.0,393755008.0,NYQ,8.057,"The Interpublic Group of Companies, Inc.","Interpublic Group of Companies,",21.033314,0.029608008
244,IPGP,EQUITY,6386406400.0,53308900.0,NMS,51.39,IPG Photonics Corporation,IPG Photonics Corporation,24.604643,
245,IQV,EQUITY,44470292480.0,191040000.0,NYQ,30.502,IQVIA Holdings Inc.,"IQVIA Holdings, Inc.",59.246628,
246,IR,EQUITY,20746891264.0,407584992.0,NYQ,21.235,Ingersoll Rand Inc.,Ingersoll Rand Inc.,51.57244,0.042923667
247,IRM,EQUITY,15913668608.0,289550016.0,NYQ,3.363,Iron Mountain Incorporated,Iron Mountain Incorporated (Del,25.01593,0.047132786
248,ISRG,EQUITY,107489042432.0,357236992.0,NMS,31.945,"Intuitive Surgical, Inc.","Intuitive Surgical, Inc.",64.87495,
249,IT,EQUITY,25266288640.0,82239000.0,NYQ,4.033,"Gartner, Inc.","Gartner, Inc.",38.284115,
250,ITW,EQUITY,68347584512.0,313880992.0,NYQ,11.125,Illinois Tool Works Inc.,Illinois Tool Works Inc.,25.322712,0.022022877
251,IVZ,EQUITY,10693084160.0,461207008.0,NYQ,24.001,Invesco Ltd.,Invesco Ltd,9.164032,0.030462667
252,J,EQUITY,17996750848.0,129453000.0,NYQ,46.085,Jacobs Engineering Group Inc.,Jacobs Engineering Group Inc.,43.498592,0.0059154523
253,JBHT,EQUITY,21963677696.0,105014000.0,NMS,27.827,"J.B. Hunt Transport Services, Inc.","J.B. Hunt Transport Services, I",33.19841,0.005517175
254,JCI,EQUITY,47281807360.0,704332032.0,NYQ,24.779,Johnson Controls International plc,Johnson Controls International ,29.546652,0.01631595
255,JKHY,EQUITY,14659378176.0,74041000.0,NMS,18.853,"Jack Henry & Associates, Inc.","Jack Henry & Associates, Inc.",46.02278,0.009560027
256,JNJ,EQUITY,466865291264.0,2632600064.0,NYQ,26.694,Johnson & Johnson,Johnson & Johnson,26.50426,0.023624742
257,JNPR,EQUITY,12160143360.0,325180992.0,NYQ,13.484,"Juniper Networks, Inc.","Juniper Networks, Inc.",83.100006,0.0224341
258,JPM,EQUITY,426693066752.0,2955269888.0,NYQ,86.355,JPMorgan Chase & Co.,JP Morgan Chase & Co.,8.912644,0.026298955
259,K,EQUITY,21717596160.0,341123008.0,NYQ,10.213,Kellogg Company,Kellogg Company,17.35687,0.03722285
260,KEY,EQUITY,21931071488.0,931057984.0,NYQ,16.775,KeyCorp,KeyCorp,9.176082,0.031355932
261,KEYS,EQUITY,30176305152.0,183042000.0,NYQ,20.774,"Keysight Technologies, Inc.",Keysight Technologies Inc.,34.48954,
262,KHC,EQUITY,47951765504.0,1224039936.0,NMS,40.822,The Kraft Heinz Company,The Kraft Heinz Company,21.0845,0.041418586
263,KIM,EQUITY,15546314752.0,616428032.0,NYQ,16.084,Kimco Realty Corporation,Kimco Realty Corporation,12.491332,0.027812371
264,KLAC,EQUITY,58374471680.0,151622000.0,NMS,25.443,KLA Corporation,KLA Corporation,21.852652,0.010248981
265,KMB,EQUITY,41581178880.0,336716992.0,NYQ,1.408,Kimberly-Clark Corporation,Kimberly-Clark Corporation,20.99456,0.037388623
266,KMI,EQUITY,42627678208.0,2267429888.0,NYQ,13.475,"Kinder Morgan, Inc.","Kinder Morgan, Inc.",24.479166,0.05863388
267,KMX,EQUITY,16908340224.0,161872000.0,NYQ,31.567,"CarMax, Inc.",CarMax Inc,14.389724,
268,KO,EQUITY,267760844800.0,4319419904.0,NYQ,5.135,The Coca-Cola Company,Coca-Cola Company (The),30.521914,0.027386028
269,KR,EQUITY,41637548032.0,735256000.0,NYQ,12.898,The Kroger Co.,Kroger Company (The),42.73962,0.013744493
270,L,EQUITY,16597276672.0,253684000.0,NYQ,70.21,Loews Corporation,Loews Corporation,10.636482,0.00386937
271,LDOS,EQUITY,15027501056.0,140339008.0,NYQ,29.393,"Leidos Holdings, Inc.","Leidos Holdings, Inc.",19.756458,0.012832434
272,LEN,EQUITY,26030303232.0,271852000.0,NYQ,69.103,Lennar Corporation,Lennar Corporation,6.0203223,0.011921793
273,LH,EQUITY,26484017152.0,95700000.0,NYQ,109.859,Laboratory Corporation of America Holdings,Laboratory Corporation of Ameri,9.818001,
274,LHX,EQUITY,48336101376.0,196224992.0,NYQ,99.006,"L3Harris Technologies, Inc.","L3Harris Technologies, Inc.",32.782806,0.015221115
275,LIN,EQUITY,166439436288.0,512555008.0,NYQ,86.475,Linde plc,Linde plc,47.781784,0.013026663
276,LKQ,EQUITY,13809386496.0,291491008.0,NMS,20.195,LKQ Corporation,LKQ Corporation,13.787834,
277,LLY,EQUITY,276349878272.0,956592000.0,NYQ,8.552,Eli Lilly and Company,Eli Lilly and Company,44.105343,0.01143592
278,LMT,EQUITY,119920017408.0,275785984.0,NYQ,35.15,Lockheed Martin Corporation,Lockheed Martin Corporation,20.029942,0.023124985
279,LNC,EQUITY,12253876224.0,180708992.0,NYQ,113.763,Lincoln National Corporation,Lincoln National Corporation,9.726047,0.025439126
280,LNT,EQUITY,15537403904.0,250360992.0,NMS,23.905,Alliant Energy Corporation,Alliant Energy Corporation,24.490925,0.026205415
281,LOW,EQUITY,148042432512.0,673747008.0,NYQ,-2.297,"Lowe's Companies, Inc.","Lowe's Companies, Inc.",19.161943,0.012775471
282,LRCX,EQUITY,80120266752.0,140799008.0,NMS,41.332,Lam Research Corporation,Lam Research Corporation,19.23212,0.00970839
283,LUMN,EQUITY,11575076864.0,1023889984.0,NYQ,10.846,"Lumen Technologies, Inc.","Lumen Technologies, Inc.",,0.09182736
284,LUV,EQUITY,26864287744.0,591920000.0,NYQ,17.317,Southwest Airlines Co.,Southwest Airlines Company,,0.0
285,LVS,EQUITY,30506121216.0,763990016.0,NYQ,2.751,Las Vegas Sands Corp.,Las Vegas Sands Corp.,,0.0
286,LW,EQUITY,8702731264.0,146068000.0,NYQ,2.926,"Lamb Weston Holdings, Inc.","Lamb Weston Holdings, Inc.",34.045715,0.016768293
287,LYB,EQUITY,34805878784.0,332784000.0,NYQ,35.369,LyondellBasell Industries N.V.,LyondellBasell Industries NV,6.108872,0.04069442
288,LYV,EQUITY,26732292096.0,224660000.0,NYQ,-1.838,"Live Nation Entertainment, Inc.","Live Nation Entertainment, Inc.",,
289,MA,EQUITY,362160685056.0,974708992.0,NYQ,6.814,Mastercard Incorporated,Mastercard Incorporated,45.33702,0.0050379275
290,MAA,EQUITY,24508274688.0,115138000.0,NYQ,51.218,"Mid-America Apartment Communities, Inc.",Mid-America Apartment Communiti,57.11296,0.019858673
291,MAR,EQUITY,58131161088.0,325683008.0,NMS,2.819,"Marriott International, Inc.",Marriott International,124.993004,0.0
292,MAS,EQUITY,13406478336.0,244087008.0,NYQ,-0.516,Masco Corporation,Masco Corporation,30.145443,0.0159675
293,MCD,EQUITY,185623134208.0,747244992.0,NYQ,-7.595,McDonald's Corporation,McDonald's Corporation,25.60928,0.021476733
294,MCHP,EQUITY,44156633088.0,554870976.0,NMS,10.278,Microchip Technology Incorporated,Microchip Technology Incorporat,69.623795,0.010350155
295,MCK,EQUITY,46867263488.0,152682000.0,NYQ,-3.74,McKesson Corporation,McKesson Corporation,,0.0056917253
296,MCO,EQUITY,63087022080.0,185900000.0,NYQ,13.072,Moody's Corporation,Moody's Corporation,30.403152,0.0073444615
297,MDLZ,EQUITY,87569244160.0,1394969984.0,NMS,19.857,"Mondelez International, Inc.","Mondelez International, Inc.",19.985674,0.02128184
298,MDT,EQUITY,150461235200.0,1344560000.0,NYQ,38.659,Medtronic plc,Medtronic plc.,32.267506,0.022755055
299,MET,EQUITY,59844075520.0,841160000.0,NYQ,81.761,"MetLife, Inc.","MetLife, Inc.",11.873281,0.02678444
300,MGM,EQUITY,20420861952.0,468960000.0,NYQ,14.54,MGM Resorts International,MGM Resorts International,34.919807,0.00023719165
301,MHK,EQUITY,9379581952.0,67732400.0,NYQ,128.588,"Mohawk Industries, Inc.","Mohawk Industries, Inc.",2.7754095,
302,MKC,EQUITY,25852164096.0,249352000.0,NYQ,16.409,"McCormick & Company, Incorporated","McCormick & Company, Incorporat",34.29078,0.013760993
303,MKTX,EQUITY,13570516992.0,38026500.0,NMS,27.752,MarketAxess Holdings Inc.,"MarketAxess Holdings, Inc.",48.819424,0.0072963797
304,MLM,EQUITY,25267787776.0,62381900.0,NYQ,101.857,"Martin Marietta Materials, Inc.","Martin Marietta Materials, Inc.",34.76824,0.0060432404
305,MMC,EQUITY,86589497344.0,504895008.0,NYQ,19.257,"Marsh & McLennan Companies, Inc.","Marsh & McLennan Companies, Inc",32.41966,0.012182494
306,MMM,EQUITY,87180042240.0,576252992.0,NYQ,25.093,3M Company,3M Company,14.962693,0.039669756
307,MNST,EQUITY,43749212160.0,529139008.0,NMS,11.802,Monster Beverage Corporation,Monster Beverage Corporation,28.909092,
308,MO,EQUITY,94467203072.0,1836989952.0,NYQ,-0.689,"Altria Group, Inc.","Altria Group, Inc.",34.421017,0.066285715
309,MOH,EQUITY,19978055680.0,58400000.0,NYQ,43.414,"Molina Healthcare, Inc.",Molina Healthcare Inc,34.0795,
310,MOS,EQUITY,23691421696.0,370409984.0,NYQ,27.475,The Mosaic Company,Mosaic Company (The),13.690068,0.0036459093
311,MPC,EQUITY,50687512576.0,615587968.0,NYQ,45.466,Marathon Petroleum Corporation,Marathon Petroleum Corporation,5.7798676,0.02850473
312,MPWR,EQUITY,23547992064.0,46093000.0,NMS,25.226,"Monolithic Power Systems, Inc.","Monolithic Power Systems, Inc.",114.54709,0.0046500345
313,MRK,EQUITY,205560987648.0,2525939968.0,NYQ,14.174,"Merck & Co., Inc.","Merck & Company, Inc.",28.715593,0.031836834
314,MRNA,EQUITY,73451323392.0,405449984.0,NMS,24.998,"Moderna, Inc.","Moderna, Inc.",10.853104,
315,MRO,EQUITY,19381680128.0,778537024.0,NYQ,13.683,Marathon Oil Corporation,Marathon Oil Corporation,,0.0070505287
316,MS,EQUITY,164152639488.0,1794409984.0,NYQ,54.563,Morgan Stanley,Morgan Stanley,11.680286,0.022793878
317,MSCI,EQUITY,42782416896.0,82446704.0,NYQ,-3.396,MSCI Inc.,MSCI Inc,62.974514,0.006818228
318,MSFT,EQUITY,2362085474304.0,7507979776.0,NMS,20.242,Microsoft Corporation,Microsoft Corporation,35.19521,0.0075633014
319,MSI,EQUITY,40221974528.0,168896992.0,NYQ,-1.555,"Motorola Solutions, Inc.","Motorola Solutions, Inc.",32.87026,0.012292244
320,MTB,EQUITY,23331233792.0,128685000.0,NYQ,122.602,M&T Bank Corporation,M&T Bank Corporation,13.000502,0.024486616
321,MTCH,EQUITY,31425660928.0,283084992.0,NMS,-0.247,"Match Group, Inc.","Match Group, Inc.",58.92325,0.018681115
322,MTD,EQUITY,32593262592.0,22985700.0,NYQ,6.925,Mettler-Toledo International Inc.,"Mettler-Toledo International, I",44.4466,
323,MU,EQUITY,91977154560.0,1120169984.0,NMS,41.026,"Micron Technology, Inc.","Micron Technology, Inc.",12.708559,0.0012786089
324,NCLH,EQUITY,8871962624.0,416892000.0,NYQ,7.792,Norwegian Cruise Line Holdings Ltd.,Norwegian Cruise Line Holdings ,,
325,NDAQ,EQUITY,30369673216.0,167222000.0,NMS,37.947,"Nasdaq, Inc.","Nasdaq, Inc.",26.427954,0.011796369
326,NDSN,EQUITY,13575510016.0,58176600.0,NMS,37.128,Nordson Corporation,Nordson Corporation,30.14858,0.007397948
327,NEE,EQUITY,164927684608.0,1962140032.0,NYQ,18.678,"NextEra Energy, Inc.","NextEra Energy, Inc.",136.89738,0.017980885
328,NEM,EQUITY,62343471104.0,797435008.0,NYQ,28.461,Newmont Corporation,Newmont Corporation,30.815926,0.028122203
329,NFLX,EQUITY,174886305792.0,442952000.0,NMS,34.574,"Netflix, Inc.","Netflix, Inc.",35.598236,
330,NI,EQUITY,12273993728.0,392704992.0,NYQ,12.162,NiSource Inc.,NiSource Inc,28.543377,0.028814668
331,NKE,EQUITY,220439347200.0,1277810048.0,NYQ,9.431,"NIKE, Inc.","Nike, Inc.",36.553806,0.008555421
332,NLOK,EQUITY,15800466432.0,581755008.0,NMS,-0.399,NortonLifeLock Inc.,NortonLifeLock Inc.,18.155079,0.01781896
333,NLSN,EQUITY,9694618624.0,358927008.0,NYQ,8.62,Nielsen Holdings plc,Nielsen N.V.,12.372881,0.0107382545
334,NOC,EQUITY,70029565952.0,157338000.0,NYQ,71.913,Northrop Grumman Corporation,Northrop Grumman Corporation,15.699823,0.013287283
335,NOW,EQUITY,119260700672.0,199000000.0,NYQ,17.759,"ServiceNow, Inc.","ServiceNow, Inc.",549.31256,
336,NRG,EQUITY,9324693504.0,244839008.0,NYQ,16.66,"NRG Energy, Inc.","NRG Energy, Inc.",3.8176625,0.035665292
337,NSC,EQUITY,68985872384.0,243344992.0,NYQ,57.067,Norfolk Southern Corporation,Norfolk Southern Corporation,24.398829,0.014344484
338,NTAP,EQUITY,19609364480.0,222278000.0,NMS,3.404,"NetApp, Inc.","NetApp, Inc.",21.449064,0.02271147
339,NTRS,EQUITY,24846637056.0,207660992.0,NMS,53.038,Northern Trust Corporation,Northern Trust Corporation,18.87224,0.024015782
340,NUE,EQUITY,42658357248.0,285799008.0,NYQ,46.965,Nucor Corporation,Nucor Corporation,9.004042,0.010552371
341,NVDA,EQUITY,711939457024.0,2492000000.0,NMS,9.512,NVIDIA Corporation,NVIDIA Corporation,88.09436,0.00056838366
342,NVR,EQUITY,16619247616.0,3482750.0,NYQ,858.901,"NVR, Inc.","NVR, Inc.",15.472605,
343,NWL,EQUITY,9694866432.0,425400000.0,NMS,9.532,Newell Brands Inc.,Newell Brands Inc.,16.163122,0.042047534
344,NWS,EQUITY,13754784768.0,199519008.0,NMS,13.853,News Corporation,News Corporation,28.13253,0.008752735
345,NWSA,EQUITY,13662575616.0,392828000.0,NMS,13.853,News Corporation,News Corporation,27.710844,0.00886918
346,NXPI,EQUITY,51614932992.0,265932992.0,NMS,25.298,NXP Semiconductors N.V.,NXP Semiconductors N.V.,34.752014,0.0107912915
347,O,EQUITY,39747817472.0,565764992.0,NYQ,32.991,Realty Income Corporation,Realty Income Corporation,55.40615,0.04221324
348,ODFL,EQUITY,36522315776.0,115011000.0,NMS,29.735,"Old Dominion Freight Line, Inc.","Old Dominion Freight Line, Inc.",39.26734,0.002368396
349,OGN,EQUITY,8942708736.0,253550000.0,NYQ,-6.382,Organon & Co.,Organon & Co.,5.902929,0.007932012
350,OKE,EQUITY,31672676352.0,445936992.0,NYQ,13.098,"ONEOK, Inc.","ONEOK, Inc.",22.230047,0.05310237
351,OMC,EQUITY,18484131840.0,212559008.0,NYQ,15.426,Omnicom Group Inc.,Omnicom Group Inc.,13.545171,0.032741994
352,ORCL,EQUITY,224504725504.0,2670449920.0,NYQ,-3.782,Oracle Corporation,Oracle Corporation,23.72848,0.014591441
353,ORLY,EQUITY,47167574016.0,67378400.0,NMS,-2.081,"O'Reilly Automotive, Inc.","O'Reilly Automotive, Inc.",24.32468,
354,OTIS,EQUITY,33437814784.0,424768992.0,NYQ,-9.073,Otis Worldwide Corporation,Otis Worldwide Corporation,28.12433,0.011366572
355,OXY,EQUITY,52643840000.0,933980992.0,NYQ,9.755,Occidental Petroleum Corporation,Occidental Petroleum Corporatio,,0.00069264066
356,PARA,EQUITY,,,NMS,,Paramount Global,Paramount Global,,
357,PAYC,EQUITY,21791166464.0,60025800.0,NYQ,14.231,"Paycom Software, Inc.","Paycom Software, Inc.",123.06101,
358,PAYX,EQUITY,47616315392.0,360756992.0,NMS,8.647,"Paychex, Inc.","Paychex, Inc.",37.49716,0.020353843
359,PBCT,EQUITY,9144754176.0,428024992.0,NMS,17.845,"People's United Financial, Inc.",People's,30.434471,0.034246575
360,PCAR,EQUITY,31426459648.0,347176992.0,NMS,32.636,PACCAR Inc,PACCAR Inc.,18.031872,0.014839799
361,PEAK,EQUITY,18942990336.0,539072000.0,NYQ,12.374,"Healthpeak Properties, Inc.","Healthpeak Properties, Inc.",30.689957,0.037618484
362,PEG,EQUITY,34890817536.0,505664000.0,NYQ,27.915,Public Service Enterprise Group Incorporated,Public Service Enterprise Group,,0.029908203
363,PENN,EQUITY,7578123776.0,169514000.0,NMS,19.459,"Penn National Gaming, Inc.","Penn National Gaming, Inc.",18.950829,
364,PEP,EQUITY,231255130112.0,1382649984.0,NMS,11.484,"PepsiCo, Inc.","Pepsico, Inc.",28.493187,0.025506172
365,PFE,EQUITY,296421294080.0,5612870144.0,NYQ,13.49,Pfizer Inc.,"Pfizer, Inc.",15.084548,0.029473282
366,PFG,EQUITY,19675621376.0,265068992.0,NMS,60.393,"Principal Financial Group, Inc.",Principal Financial Group Inc,11.933811,0.032846205
367,PG,EQUITY,374596173824.0,2419950080.0,NYQ,18.7,The Procter & Gamble Company,Procter & Gamble Company (The),28.288559,0.021981731
368,PGR,EQUITY,67460210688.0,584400000.0,NYQ,30.876,The Progressive Corporation,Progressive Corporation (The),16.778343,0.042944785
369,PH,EQUITY,38172811264.0,128515000.0,NYQ,66.068,Parker-Hannifin Corporation,Parker-Hannifin Corporation,20.70617,0.013211592
370,PHM,EQUITY,11499707392.0,253186000.0,NYQ,28.011,"PulteGroup, Inc.","PulteGroup, Inc.",7.0255218,0.012115774
371,PKG,EQUITY,14816664576.0,94990800.0,NYQ,38.256,Packaging Corporation of America,Packaging Corporation of Americ,19.867533,0.026150627
372,PKI,EQUITY,22661734400.0,126200000.0,NYQ,55.139,"PerkinElmer, Inc.","PerkinElmer, Inc.",17.915794,0.0015612803
373,PLD,EQUITY,121663643648.0,739326976.0,NYQ,43.881,"Prologis, Inc.","Prologis, Inc.",62.23903,0.015844505
374,PM,EQUITY,144707338240.0,1556829952.0,NYQ,-6.773,Philip Morris International Inc.,Philip Morris International Inc,16.19338,0.052387122
375,PNC,EQUITY,81988124672.0,422640992.0,NYQ,121.158,"The PNC Financial Services Group, Inc.","PNC Financial Services Group, I",19.069105,0.024320828
376,PNR,EQUITY,9394186240.0,165478000.0,NYQ,14.129,Pentair plc,Pentair plc.,18.791792,0.01425221
377,PNW,EQUITY,8702857216.0,112819000.0,NYQ,53.759,Pinnacle West Capital Corporation,Pinnacle West Capital Corporati,15.29645,0.04490127
378,POOL,EQUITY,18242043904.0,40088000.0,NMS,24.581,Pool Corporation,Pool Corporation,30.844572,0.0061262543
379,PPG,EQUITY,32201070592.0,237400992.0,NYQ,26.339,"PPG Industries, Inc.","PPG Industries, Inc.",22.792807,0.01706432
380,PPL,EQUITY,21324089344.0,750716032.0,NYQ,19.176,PPL Corporation,PPL Corporation,,0.060739115
381,PRU,EQUITY,45473402880.0,378000000.0,NYQ,163.315,"Prudential Financial, Inc.","Prudential Financial, Inc.",6.5526447,0.038183954
382,PSA,EQUITY,69447598080.0,175355008.0,NYQ,28.577,Public Storage,Public Storage,47.310955,0.021440824
383,PSX,EQUITY,36445257728.0,438201984.0,NYQ,41.404,Phillips 66,Phillips 66,,0.044378694
384,PTC,EQUITY,13161587712.0,117872000.0,NMS,17.399,PTC Inc.,PTC Inc.,27.707195,
385,PVH,EQUITY,6204563968.0,69977600.0,NYQ,73.524,PVH Corp.,PVH Corp.,12.668239,0.0
386,PWR,EQUITY,19190341632.0,142499008.0,NYQ,33.288,"Quanta Services, Inc.","Quanta Services, Inc.",35.355736,0.0018103642
387,PXD,EQUITY,61299605504.0,244134000.0,NYQ,95.006,Pioneer Natural Resources Company,Pioneer Natural Resources Compa,39.982483,0.0088752685
388,PYPL,EQUITY,142154776576.0,1174930048.0,NMS,18.816,"PayPal Holdings, Inc.","PayPal Holdings, Inc.",29.091127,
389,QCOM,EQUITY,179412795392.0,1120000000.0,NMS,8.844,QUALCOMM Incorporated,QUALCOMM Incorporated,20.354511,0.01678657
390,QRVO,EQUITY,14370875392.0,110223000.0,NMS,42.8,"Qorvo, Inc.","Qorvo, Inc.",13.502486,
391,RCL,EQUITY,20607414272.0,254790000.0,NYQ,25.384,Royal Caribbean Cruises Ltd.,D/B/A Royal Caribbean Cruises L,,0.0
392,RE,EQUITY,11852037120.0,39369000.0,NYQ,253.398,"Everest Re Group, Ltd.","Everest Re Group, Ltd.",11.9006195,0.021016948
393,REG,EQUITY,12306789376.0,171212992.0,NMS,35.557,Regency Centers Corporation,Regency Centers Corporation,37.051544,0.035207104
394,REGN,EQUITY,74741850112.0,105720000.0,NMS,163.522,"Regeneron Pharmaceuticals, Inc.","Regeneron Pharmaceuticals, Inc.",11.115295,
395,RF,EQUITY,22063734784.0,953283008.0,NYQ,17.752,Regions Financial Corporation,Regions Financial Corporation,8.671787,0.027729258
396,RHI,EQUITY,13567787008.0,111330000.0,NYQ,12.022,Robert Half International Inc.,Robert Half International Inc.,26.051733,0.012636612
397,RJF,EQUITY,23193225216.0,206162000.0,NYQ,40.075,"Raymond James Financial, Inc.","Raymond James Financial, Inc.",16.968325,0.009706019
398,RL,EQUITY,9078816768.0,48735800.0,NYQ,38.844,Ralph Lauren Corporation,Ralph Lauren Corporation,22.808395,0.011694166
399,RMD,EQUITY,35936022528.0,145723008.0,NYQ,20.767,ResMed Inc.,ResMed Inc.,72.275795,0.0067116874
400,ROK,EQUITY,32981336064.0,116013000.0,NYQ,20.6,"Rockwell Automation, Inc.","Rockwell Automation, Inc.",24.550087,0.015563637
401,ROL,EQUITY,17243856896.0,492048992.0,NYQ,2.239,"Rollins, Inc.","Rollins, Inc.",49.568596,0.008616577
402,ROP,EQUITY,50096939008.0,105485000.0,NYQ,107.525,"Roper Technologies, Inc.","Roper Technologies, Inc.",45.071655,0.004875934
403,ROST,EQUITY,33866678272.0,353329984.0,NMS,11.262,"Ross Stores, Inc.","Ross Stores, Inc.",21.466965,0.012607831
404,RSG,EQUITY,42160955392.0,317095008.0,NYQ,27.939,"Republic Services, Inc.","Republic Services, Inc.",35.081795,0.013326677
405,RTX,EQUITY,150471294976.0,1496780032.0,NYQ,47.605,Raytheon Technologies Corporation,Raytheon Technologies Corporati,45.695454,0.019368794
406,SBAC,EQUITY,36872404992.0,108781000.0,NMS,-45.29,SBA Communications Corporation,SBA Communications Corporation,130.06908,0.007129467
407,SBNY,EQUITY,19190106112.0,60632400.0,NMS,128.188,Signature Bank,Signature Bank,22.68161,0.007331522
408,SBUX,EQUITY,,,NMS,,Starbucks Corporation,Starbucks Corporation,,
409,SCHW,EQUITY,172422709248.0,1811309952.0,NYQ,25.139,The Charles Schwab Corporation,Charles Schwab Corporation (The,34.716404,0.007918179
410,SEDG,EQUITY,17123010560.0,52519500.0,NMS,23.65,"SolarEdge Technologies, Inc.","SolarEdge Technologies, Inc.",122.29239,
411,SEE,EQUITY,10360617984.0,148156992.0,NYQ,0.855,Sealed Air Corporation,Sealed Air Corporation,23.026012,0.010711098
412,SHW,EQUITY,67696386048.0,262196000.0,NYQ,10.284,The Sherwin-Williams Company,Sherwin-Williams Company (The),35.37334,0.008390349
413,SIVB,EQUITY,34882031616.0,58687400.0,NMS,208.53,SVB Financial Group,SVB Financial Group,18.235004,
414,SJM,EQUITY,14631173120.0,108363000.0,NYQ,76.469,The J. M. Smucker Company,J.M. Smucker Company (The) New,19.266554,0.028769312
415,SLB,EQUITY,59380338688.0,1402630016.0,NYQ,9.526,Schlumberger Limited,Schlumberger N.V.,36.370274,0.011726079
416,SNA,EQUITY,11271794688.0,53535000.0,NYQ,75.333,Snap-on Incorporated,Snap-On Incorporated,14.369072,0.023778453
417,SNPS,EQUITY,52285534208.0,153438000.0,NMS,34.595,"Synopsys, Inc.","Synopsys, Inc.",70.84408,
418,SO,EQUITY,75839283200.0,1059800000.0,NYQ,27.07,The Southern Company,Southern Company (The),25.548018,0.037518036
419,SPG,EQUITY,45139070976.0,328611008.0,NYQ,10.152,"Simon Property Group, Inc.","Simon Property Group, Inc.",22.237314,0.042265426
420,SPGI,EQUITY,100692205568.0,241000000.0,NYQ,7.656,S&P Global Inc.,S&P Global Inc.,36.02121,0.0073098335
421,SRE,EQUITY,52393623552.0,319336992.0,NYQ,74.185,Sempra,DBA Sempra,47.065407,0.027319653
422,STE,EQUITY,24703680512.0,100023000.0,NYQ,65.415,STERIS plc,STERIS plc (Ireland),89.810905,0.007014675
423,STT,EQUITY,33506240512.0,365628992.0,NYQ,69.3,State Street Corporation,State Street Corporation,13.502283,0.023929896
424,STX,EQUITY,20785297408.0,222636000.0,NMS,2.677,Seagate Technology Holdings plc,Seagate Technology Holdings PLC,13.739514,0.028534925
425,STZ,EQUITY,43314143232.0,164264000.0,NYQ,59.573,"Constellation Brands, Inc.","Constellation Brands, Inc.",59.66167,0.013335688
426,SWK,EQUITY,23869661184.0,163032992.0,NYQ,64.811,"Stanley Black & Decker, Inc.","Stanley Black & Decker, Inc.",13.250974,0.02083033
427,SWKS,EQUITY,23121930240.0,165387008.0,NMS,32.045,"Skyworks Solutions, Inc.","Skyworks Solutions, Inc.",15.58584,0.014881168
428,SYF,EQUITY,20065251328.0,547259008.0,NYQ,24.125,Synchrony Financial,Synchrony Financial,5.186731,0.024175823
429,SYK,EQUITY,102456500224.0,377240000.0,NYQ,37.584,Stryker Corporation,Stryker Corporation,54.66888,0.009581384
430,SYY,EQUITY,42314625024.0,512656000.0,NYQ,3.266,Sysco Corporation,Sysco Corporation,61.96697,0.02256838
431,T,EQUITY,170741317632.0,7141000192.0,NYQ,22.937,AT&T Inc.,AT&T Inc.,185.34885,0.08915559
432,TAP,EQUITY,11670380544.0,200584992.0,NYQ,61.206,Molson Coors Beverage Company,Molson Coors Beverage Company,,0.0064247926
433,TDG,EQUITY,37769252864.0,55248900.0,NYQ,-52.821,TransDigm Group Incorporated,Transdigm Group Incorporated,65.77064,
434,TDY,EQUITY,22110365696.0,46655200.0,NYQ,158.971,Teledyne Technologies Incorporated,Teledyne Technologies Incorpora,47.681858,
435,TECH,EQUITY,17552031744.0,39295300.0,NMS,41.743,Bio-Techne Corporation,Bio-Techne Corp,102.990555,0.002942123
436,TEL,EQUITY,44512358400.0,326312992.0,NYQ,32.516,TE Connectivity Ltd.,TE Connectivity Ltd. New Switze,20.095757,0.014867633
437,TER,EQUITY,20427661312.0,163004000.0,NMS,15.498,"Teradyne, Inc.","Teradyne, Inc.",23.605198,0.0032602495
438,TFC,EQUITY,80453820416.0,1334889984.0,NYQ,46.616,Truist Financial Corporation,Truist Financial Corporation,14.221332,0.031127743
439,TFX,EQUITY,16207900672.0,46845000.0,NYQ,78.086,Teleflex Incorporated,Teleflex Incorporated,37.837925,0.0040663774
440,TGT,EQUITY,106727268352.0,479124000.0,NYQ,28.702,Target Corporation,Target Corporation,16.394716,0.013545891
441,TJX,EQUITY,76588859392.0,1192880000.0,NYQ,5.396,"The TJX Companies, Inc.","TJX Companies, Inc. (The)",29.62852,0.017313134
442,TMO,EQUITY,232622374912.0,394048000.0,NYQ,98.237,Thermo Fisher Scientific Inc.,Thermo Fisher Scientific Inc,27.401606,0.0017431016
443,TMUS,EQUITY,159847170048.0,1249049984.0,NMS,54.784,"T-Mobile US, Inc.","T-Mobile US, Inc.",48.1109,
444,TPR,EQUITY,11102019584.0,275143008.0,NYQ,11.455,"Tapestry, Inc.","Tapestry, Inc.",13.809034,0.006640106
445,TRMB,EQUITY,18459127808.0,251008000.0,NMS,15.465,Trimble Inc.,Trimble Inc.,33.47292,
446,TROW,EQUITY,35511939072.0,229198000.0,NMS,36.523,"T. Rowe Price Group, Inc.","T. Rowe Price Group, Inc.",11.675961,0.027828189
447,TRV,EQUITY,44970442752.0,246008992.0,NYQ,115.748,"The Travelers Companies, Inc.","The Travelers Companies, Inc.",12.800224,0.018781891
448,TSCO,EQUITY,26627018752.0,113815000.0,NMS,17.734,Tractor Supply Company,Tractor Supply Company,29.913054,0.00840012
449,TSLA,EQUITY,1105122689024.0,1004259968.0,NMS,26.945,"Tesla, Inc.","Tesla, Inc.",359.38434,
450,TSN,EQUITY,32183498752.0,293071008.0,NYQ,48.556,"Tyson Foods, Inc.","Tyson Foods, Inc.",10.628297,0.020618556
451,TT,EQUITY,37604958208.0,237540000.0,NYQ,27.264,Trane Technologies plc,Trane Technologies plc,28.462784,0.014864603
452,TTWO,EQUITY,18262366208.0,115300000.0,NMS,31.767,"Take-Two Interactive Software, Inc.","Take-Two Interactive Software, ",32.752274,
453,TWTR,EQUITY,32620087296.0,799609984.0,NYQ,8.987,"Twitter, Inc.","Twitter, Inc.",,
454,TXN,EQUITY,175903997952.0,923526016.0,NMS,13.159,Texas Instruments Incorporated,Texas Instruments Incorporated,24.456856,0.022148633
455,TXT,EQUITY,16674048000.0,220424992.0,NYQ,27.313,Textron Inc.,Textron Inc.,22.248528,0.0010715242
456,TYL,EQUITY,18521286656.0,40976300.0,NYQ,53.742,"Tyler Technologies, Inc.","Tyler Technologies, Inc.",118.16993,
457,UA,EQUITY,8418830336.0,253019008.0,NYQ,4.154,"Under Armour, Inc.","Under Armour, Inc.",17.259258,
458,UAA,EQUITY,7922675200.0,188646000.0,NYQ,4.154,"Under Armour, Inc.","Under Armour, Inc.",19.15873,
459,UAL,EQUITY,14815790080.0,323807008.0,NMS,16.772,"United Airlines Holdings, Inc.","United Airlines Holdings, Inc.",,
460,UDR,EQUITY,18339366912.0,309185984.0,NYQ,9.9,"UDR, Inc.","UDR, Inc.",329.52777,0.02560113
461,UHS,EQUITY,11841445888.0,73120200.0,NYQ,78.057,"Universal Health Services, Inc.","Universal Health Services, Inc.",11.858972,0.0040997607
462,ULTA,EQUITY,22033416192.0,54120200.0,NMS,36.677,"Ulta Beauty, Inc.","Ulta Beauty, Inc.",26.092419,
463,UNH,EQUITY,480499433472.0,941851008.0,NYQ,74.605,UnitedHealth Group Incorporated,UnitedHealth Group Incorporated,31.665632,0.010516885
464,UNP,EQUITY,175113011200.0,642876032.0,NYQ,21.597,Union Pacific Corporation,Union Pacific Corporation,29.179434,0.015099367
465,UPS,EQUITY,192627949568.0,729158016.0,NYQ,13.856,"United Parcel Service, Inc.","United Parcel Service, Inc.",30.133244,0.018960217
466,URI,EQUITY,26474633216.0,72394400.0,NYQ,75.739,"United Rentals, Inc.","United Rentals, Inc.",22.11806,
467,USB,EQUITY,84082180096.0,1482800000.0,NYQ,32.222,U.S. Bancorp,U.S. Bancorp,11.379692,0.030686887
468,V,EQUITY,,,NYQ,,Visa Inc.,Visa Inc.,,
469,VFC,EQUITY,23415701504.0,392782016.0,NYQ,9.162,V.F. Corporation,V.F. Corporation,19.107372,0.03485064
470,VLO,EQUITY,39203282944.0,408836000.0,NYQ,42.747,Valero Energy Corporation,Valero Energy Corporation,,0.040647034
471,VMC,EQUITY,25361252352.0,132705000.0,NYQ,48.424,Vulcan Materials Company,Vulcan Materials Company (Holdi,39.404125,0.008018138
472,VNO,EQUITY,8974503936.0,191680992.0,NYQ,26.668,Vornado Realty Trust,Vornado Realty Trust,,0.04668575
473,VRSK,EQUITY,34546470912.0,161160992.0,NMS,16.816,"Verisk Analytics, Inc.","Verisk Analytics, Inc.",50.08411,0.0054744524
474,VRSN,EQUITY,24538241024.0,111078000.0,NMS,-12.738,"VeriSign, Inc.","VeriSign, Inc.",40.720737,
475,VRTX,EQUITY,65040203776.0,254252000.0,NMS,37.199,Vertex Pharmaceuticals Incorporated,Vertex Pharmaceuticals Incorpor,30.680017,
476,VTR,EQUITY,25495369728.0,399176000.0,NYQ,27.749,"Ventas, Inc.","Ventas, Inc.",120.73724,0.029339854
477,VTRS,EQUITY,13490744320.0,1209389952.0,NMS,17.481,Viatris Inc.,Viatris Inc.,,0.030136988
478,VZ,EQUITY,214329229312.0,4197760000.0,NYQ,18.609,Verizon Communications Inc.,Verizon Communications Inc.,9.597368,0.049450982
479,WAB,EQUITY,18596161536.0,186820992.0,NYQ,54.372,Westinghouse Air Brake Technologies Corporation,Westinghouse Air Brake Technolo,41.320053,0.004951006
480,WAT,EQUITY,19927740416.0,61036300.0,NYQ,4.826,Waters Corporation,Waters Corporation,29.255377,
481,WBA,EQUITY,41088450560.0,863945024.0,NMS,27.062,"Walgreens Boots Alliance, Inc.","Walgreens Boots Alliance, Inc.",16.215172,0.039982986
482,WDC,EQUITY,16112467968.0,311623008.0,NMS,36.531,Western Digital Corporation,Western Digital Corporation,10.816945,0.0
483,WEC,EQUITY,31120818176.0,315435008.0,NYQ,34.582,"WEC Energy Group, Inc.","WEC Energy Group, Inc.",23.773495,0.027585136
484,WELL,EQUITY,42723983360.0,435275008.0,NYQ,38.742,Welltower Inc.,Welltower Inc.,94.834785,0.025776463
485,WFC,EQUITY,205800882176.0,3987229952.0,NYQ,42.441,Wells Fargo & Company,Wells Fargo & Company,12.312739,0.009740892
486,WHR,EQUITY,11327373312.0,60743100.0,NYQ,81.377,Whirlpool Corporation,Whirlpool Corporation,5.9481354,0.028995024
487,WM,EQUITY,65700708352.0,418316000.0,NYQ,17.146,"Waste Management, Inc.","Waste Management, Inc.",38.12136,0.014641384
488,WMB,EQUITY,40496951296.0,1215030016.0,NYQ,9.195,"The Williams Companies, Inc.","Williams Companies, Inc. (The)",40.646343,0.049498938
489,WMT,EQUITY,407760371712.0,2773880064.0,NYQ,29.616,Walmart Inc.,Walmart Inc.,51.760567,0.015332913
490,WRB,EQUITY,11743204352.0,176640000.0,NYQ,37.639,W. R. Berkley Corporation,W.R. Berkley Corporation,11.946272,0.007652281
491,WRK,EQUITY,12622961664.0,263088000.0,NYQ,44.039,WestRock Company,Westrock Company,15.329073,0.018675722
492,WST,EQUITY,30784559104.0,74079696.0,NYQ,29.721,"West Pharmaceutical Services, Inc.","West Pharmaceutical Services, I",51.53913,0.0016648304
493,WTW,EQUITY,,,NMS,,Willis Towers Watson Public Limited Company,Willis Towers Watson Public Lim,,
494,WY,EQUITY,29209008128.0,749044992.0,NYQ,13.843,Weyerhaeuser Company,Weyerhaeuser Company,11.777408,0.017861834
495,WYNN,EQUITY,9502461952.0,115658000.0,NMS,-0.464,"Wynn Resorts, Limited","Wynn Resorts, Limited",,0.012289541
496,XEL,EQUITY,38483013632.0,538675968.0,NMS,28.175,Xcel Energy Inc.,Xcel Energy Inc.,24.432285,0.025787065
497,XOM,EQUITY,348651454464.0,4233540096.0,NYQ,37.932,Exxon Mobil Corporation,Exxon Mobil Corporation,,0.04173663
498,XRAY,EQUITY,10786069504.0,218607008.0,NMS,23.431,DENTSPLY SIRONA Inc.,DENTSPLY SIRONA Inc.,25.941114,0.008538321
499,XYL,EQUITY,16084988928.0,180324992.0,NYQ,17.155,Xylem Inc.,Xylem Inc.,34.994114,0.01274033
500,YUM,EQUITY,35823783936.0,293132992.0,NYQ,-26.718,"Yum! Brands, Inc.","Yum! Brands, Inc.",23.601776,0.016708437
501,ZBH,EQUITY,26846765056.0,208908000.0,NYQ,60.836,"Zimmer Biomet Holdings, Inc.","Zimmer Biomet Holdings, Inc.",32.833416,0.0077325813
502,ZBRA,EQUITY,23458680832.0,53441500.0,NMS,52.681,Zebra Technologies Corporation,Zebra Technologies Corporation,27.987757,
503,ZION,EQUITY,10899213312.0,156463008.0,NMS,46.854,"Zions Bancorporation, National Association",Zions Bancorporation N.A.,9.8417635,0.020414114
504,ZTS,EQUITY,91036540928.0,473126016.0,NYQ,9.884,Zoetis Inc.,Zoetis Inc.,46.376232,0.005011341
